"Status","Start Time","Stop Time","Duration in ms","Parent Suite","Suite","Sub Suite","Test Class","Test Method","Name","Description"
"broken","Fri Nov 27 15:15:11 CST 2020","Fri Nov 27 15:15:11 CST 2020","0","testcases.cdn.ctyun_console","test_ctyun_log_top","Test_Ctyun_Top","","","test_CDN_251656",""
"broken","Fri Nov 27 15:15:10 CST 2020","Fri Nov 27 15:15:10 CST 2020","0","testcases.cdn.ctyun_console","test_ctyun_log_query","Test_Ctyun_Log_Query","","","test_CDN_246282",""
"passed","Fri Nov 27 15:13:22 CST 2020","Fri Nov 27 15:13:23 CST 2020","508","testcases.cdn.bs_console","test_bs_log_query","Test_BS_Log_Query","","","test_CDN_243672",""
"failed","Fri Nov 27 15:15:06 CST 2020","Fri Nov 27 15:15:06 CST 2020","467","testcases.cdn.ctyun_console","test_ctyun_billing","Test_Ctyun_Billing","","","test_CDN_246289",""
"failed","Fri Nov 27 15:15:02 CST 2020","Fri Nov 27 15:15:04 CST 2020","1959","testcases.cdn.bs_console","test_bs_refresh","Test_Bs_Refresh","","","test_CDN_243743",""
"passed","Fri Nov 27 15:19:53 CST 2020","Fri Nov 27 15:19:54 CST 2020","669","testcases.cdn.vip_console","test_vip_log_user","Test_Vip_Log_dataList","","","test_CDN_242512",""
"passed","Fri Nov 27 15:18:51 CST 2020","Fri Nov 27 15:18:52 CST 2020","646","testcases.cdn.vip_console","test_vip_log_query","Test_Vip_Log_Query","","","test_CDN_242533",""
"passed","Fri Nov 27 15:16:36 CST 2020","Fri Nov 27 15:16:38 CST 2020","1846","testcases.cdn.v1","test_v1_domain","TestDomain","","","test_CDN_264343",""
"broken","Fri Nov 27 15:15:10 CST 2020","Fri Nov 27 15:15:10 CST 2020","0","testcases.cdn.ctyun_console","test_ctyun_log_query","Test_Ctyun_Log_Query","","","test_CDN_246283",""
"passed","Fri Nov 27 15:14:26 CST 2020","Fri Nov 27 15:14:26 CST 2020","169","testcases.cdn.bs_console","test_bs_log_top","Test_Bs_Top","","","test_CDN_251607",""
"passed","Fri Nov 27 15:19:57 CST 2020","Fri Nov 27 15:19:57 CST 2020","163","testcases.cdn.vip_console","test_vip_order","Test_Vip_Order","","","test_CDN_259713",""
"broken","Fri Nov 27 15:15:11 CST 2020","Fri Nov 27 15:15:11 CST 2020","0","testcases.cdn.ctyun_console","test_ctyun_log_top","Test_Ctyun_Top","","","test_CDN_251649",""
"passed","Fri Nov 27 15:18:58 CST 2020","Fri Nov 27 15:19:00 CST 2020","2211","testcases.cdn.vip_console","test_vip_log_query","Test_Vip_Log_Query","","","test_CDN_242709",""
"passed","Fri Nov 27 15:13:40 CST 2020","Fri Nov 27 15:13:41 CST 2020","480","testcases.cdn.bs_console","test_bs_log_query","Test_BS_Log_Query","","","test_CDN_243704",""
"passed","Fri Nov 27 15:14:44 CST 2020","Fri Nov 27 15:14:45 CST 2020","1531","testcases.cdn.bs_console","test_bs_order","Test_Bs_Order","","","test_CDN_261180",""
"failed","Fri Nov 27 15:15:54 CST 2020","Fri Nov 27 15:16:07 CST 2020","13077","testcases.cdn.v1","test_v1_domain","TestDomain","","","test_CDN_262374",""
"broken","Fri Nov 27 15:15:09 CST 2020","Fri Nov 27 15:15:09 CST 2020","0","testcases.cdn.ctyun_console","test_ctyun_log_query","Test_Ctyun_Log_Query","","","test_CDN_246251",""
"broken","Fri Nov 27 15:15:11 CST 2020","Fri Nov 27 15:15:11 CST 2020","0","testcases.cdn.ctyun_console","test_ctyun_log_top","Test_Ctyun_Top","","","test_CDN_251639",""
"broken","Fri Nov 27 15:15:11 CST 2020","Fri Nov 27 15:15:11 CST 2020","0","testcases.cdn.ctyun_console","test_ctyun_log_top","Test_Ctyun_Top","","","test_CDN_251641",""
"passed","Fri Nov 27 15:15:04 CST 2020","Fri Nov 27 15:15:05 CST 2020","679","testcases.cdn.bs_console","test_bs_tools","Test_Bs_Tools","","","test_CDN_243730",""
"passed","Fri Nov 27 15:19:03 CST 2020","Fri Nov 27 15:19:04 CST 2020","1245","testcases.cdn.vip_console","test_vip_log_query","Test_Vip_Log_Query","","","test_CDN_265360",""
"broken","Fri Nov 27 15:15:11 CST 2020","Fri Nov 27 15:15:11 CST 2020","0","testcases.cdn.ctyun_console","test_ctyun_log_top","Test_Ctyun_Top","","","test_CDN_251642",""
"passed","Fri Nov 27 15:15:19 CST 2020","Fri Nov 27 15:15:20 CST 2020","994","testcases.cdn.v1","test_v1_cert","TestCert","","","test_CDN_241171",""
"failed","Fri Nov 27 15:15:07 CST 2020","Fri Nov 27 15:15:08 CST 2020","128","testcases.cdn.ctyun_console","test_ctyun_cert","Test_Ctyun_cert","","","test_CDN_246183",""
"broken","Fri Nov 27 15:15:11 CST 2020","Fri Nov 27 15:15:11 CST 2020","0","testcases.cdn.ctyun_console","test_ctyun_log_top","Test_Ctyun_Top","","","test_CDN_251655",""
"broken","Fri Nov 27 15:15:12 CST 2020","Fri Nov 27 15:15:12 CST 2020","0","testcases.cdn.ctyun_console","test_ctyun_log_user","Test_Ctyun_Log_dataList","","","test_CDN_246232",""
"passed","Fri Nov 27 15:13:32 CST 2020","Fri Nov 27 15:13:32 CST 2020","468","testcases.cdn.bs_console","test_bs_log_query","Test_BS_Log_Query","","","test_CDN_243688",""
"broken","Fri Nov 27 15:15:12 CST 2020","Fri Nov 27 15:15:12 CST 2020","0","testcases.cdn.ctyun_console","test_ctyun_order","Test_Ctyun_Order","","","test_CDN_260760",""
"passed","Fri Nov 27 15:13:41 CST 2020","Fri Nov 27 15:13:42 CST 2020","599","testcases.cdn.bs_console","test_bs_log_query","Test_BS_Log_Query","","","test_CDN_243706",""
"broken","Fri Nov 27 15:15:06 CST 2020","Fri Nov 27 15:15:06 CST 2020","48","testcases.cdn.ctyun_console","test_ctyun_billing","Test_Ctyun_Billing","","","test_CDN_246451",""
"passed","Fri Nov 27 15:19:29 CST 2020","Fri Nov 27 15:19:30 CST 2020","601","testcases.cdn.vip_console","test_vip_log_top","Test_Vip_Top","","","test_CDN_249259",""
"passed","Fri Nov 27 15:13:34 CST 2020","Fri Nov 27 15:13:34 CST 2020","422","testcases.cdn.bs_console","test_bs_log_query","Test_BS_Log_Query","","","test_CDN_243692",""
"passed","Fri Nov 27 15:14:37 CST 2020","Fri Nov 27 15:14:38 CST 2020","578","testcases.cdn.bs_console","test_bs_log_user","Test_BS_Log_dataList","","","test_CDN_243669",""
"passed","Fri Nov 27 15:14:16 CST 2020","Fri Nov 27 15:14:16 CST 2020","463","testcases.cdn.bs_console","test_bs_log_top","Test_Bs_Top","","","test_CDN_251581",""
"passed","Fri Nov 27 15:13:42 CST 2020","Fri Nov 27 15:13:43 CST 2020","506","testcases.cdn.bs_console","test_bs_log_query","Test_BS_Log_Query","","","test_CDN_243708",""
"passed","Fri Nov 27 15:13:12 CST 2020","Fri Nov 27 15:13:12 CST 2020","168","testcases.cdn.bs_console","test_bs_billing","Test_BS_Billing","","","test_CDN_243729",""
"passed","Fri Nov 27 15:20:04 CST 2020","Fri Nov 27 15:20:04 CST 2020","208","testcases.cdn.vip_console","test_vip_overview","Test_Vip_Overview","","","test_CDN_240850",""
"passed","Fri Nov 27 15:14:23 CST 2020","Fri Nov 27 15:14:24 CST 2020","465","testcases.cdn.bs_console","test_bs_log_top","Test_Bs_Top","","","test_CDN_251601",""
"passed","Fri Nov 27 15:19:25 CST 2020","Fri Nov 27 15:19:25 CST 2020","595","testcases.cdn.vip_console","test_vip_log_top","Test_Vip_Top","","","test_CDN_248718",""
"broken","Fri Nov 27 15:15:09 CST 2020","Fri Nov 27 15:15:09 CST 2020","0","testcases.cdn.ctyun_console","test_ctyun_log_query","Test_Ctyun_Log_Query","","","test_CDN_246254",""
"passed","Fri Nov 27 15:18:11 CST 2020","Fri Nov 27 15:18:15 CST 2020","4117","testcases.cdn.vip_console","test_vip_domain","Test_Vip_Domain","","","test_CDN_240824",""
"passed","Fri Nov 27 15:13:12 CST 2020","Fri Nov 27 15:13:12 CST 2020","163","testcases.cdn.bs_console","test_bs_billing","Test_BS_Billing","","","test_CDN_243724",""
"passed","Fri Nov 27 15:15:22 CST 2020","Fri Nov 27 15:15:22 CST 2020","586","testcases.cdn.v1","test_v1_cert","TestCert","","","test_CDN_241174",""
"passed","Fri Nov 27 15:19:37 CST 2020","Fri Nov 27 15:19:37 CST 2020","280","testcases.cdn.vip_console","test_vip_log_top","Test_Vip_Top","","","test_CDN_249278",""
"passed","Fri Nov 27 15:14:28 CST 2020","Fri Nov 27 15:14:28 CST 2020","169","testcases.cdn.bs_console","test_bs_log_top","Test_Bs_Top","","","test_CDN_251616",""
"broken","Fri Nov 27 15:15:09 CST 2020","Fri Nov 27 15:15:09 CST 2020","0","testcases.cdn.ctyun_console","test_ctyun_log_query","Test_Ctyun_Log_Query","","","test_CDN_246247",""
"passed","Fri Nov 27 15:19:30 CST 2020","Fri Nov 27 15:19:31 CST 2020","563","testcases.cdn.vip_console","test_vip_log_top","Test_Vip_Top","","","test_CDN_249260",""
"broken","Fri Nov 27 15:15:09 CST 2020","Fri Nov 27 15:15:09 CST 2020","0","testcases.cdn.ctyun_console","test_ctyun_log_query","Test_Ctyun_Log_Query","","","test_CDN_246266",""
"failed","Fri Nov 27 15:14:52 CST 2020","Fri Nov 27 15:14:52 CST 2020","359","testcases.cdn.bs_console","test_bs_refresh","Test_Bs_Refresh","","","test_CDN_243733",""
"passed","Fri Nov 27 15:20:23 CST 2020","Fri Nov 27 15:20:23 CST 2020","182","testcases.cdn.vip_console","test_vip_refresh","Test_Vip_Refresh","","","test_CDN_240869",""
"passed","Fri Nov 27 15:14:15 CST 2020","Fri Nov 27 15:14:16 CST 2020","475","testcases.cdn.bs_console","test_bs_log_top","Test_Bs_Top","","","test_CDN_251578",""
"broken","Fri Nov 27 15:15:11 CST 2020","Fri Nov 27 15:15:11 CST 2020","0","testcases.cdn.ctyun_console","test_ctyun_log_top","Test_Ctyun_Top","","","test_CDN_251652",""
"passed","Fri Nov 27 15:13:56 CST 2020","Fri Nov 27 15:13:57 CST 2020","733","testcases.cdn.bs_console","test_bs_log_query","Test_BS_Log_Query","","","test_CDN_265365",""
"passed","Fri Nov 27 15:19:34 CST 2020","Fri Nov 27 15:19:35 CST 2020","575","testcases.cdn.vip_console","test_vip_log_top","Test_Vip_Top","","","test_CDN_249269",""
"broken","Fri Nov 27 15:15:10 CST 2020","Fri Nov 27 15:15:10 CST 2020","0","testcases.cdn.ctyun_console","test_ctyun_log_top","Test_Ctyun_Top","","","test_CDN_251623",""
"passed","Fri Nov 27 15:13:38 CST 2020","Fri Nov 27 15:13:38 CST 2020","505","testcases.cdn.bs_console","test_bs_log_query","Test_BS_Log_Query","","","test_CDN_243700",""
"passed","Fri Nov 27 15:16:57 CST 2020","Fri Nov 27 15:16:58 CST 2020","162","testcases.cdn.vip_console","test_vip_billing","Test_Vip_Billing","","","test_CDN_240888",""
"broken","Fri Nov 27 15:15:09 CST 2020","Fri Nov 27 15:15:09 CST 2020","0","testcases.cdn.ctyun_console","test_ctyun_log_query","Test_Ctyun_Log_Query","","","test_CDN_246245",""
"broken","Fri Nov 27 15:15:09 CST 2020","Fri Nov 27 15:15:09 CST 2020","0","testcases.cdn.ctyun_console","test_ctyun_log_query","Test_Ctyun_Log_Query","","","test_CDN_246265",""
"broken","Fri Nov 27 15:15:10 CST 2020","Fri Nov 27 15:15:10 CST 2020","0","testcases.cdn.ctyun_console","test_ctyun_log_top","Test_Ctyun_Top","","","test_CDN_251619",""
"passed","Fri Nov 27 15:18:35 CST 2020","Fri Nov 27 15:18:36 CST 2020","661","testcases.cdn.vip_console","test_vip_log_query","Test_Vip_Log_Query","","","test_CDN_242446",""
"passed","Fri Nov 27 15:16:52 CST 2020","Fri Nov 27 15:16:53 CST 2020","629","testcases.cdn.v1","test_v1_domain","TestDomain","","","test_CDN_261747",""
"passed","Fri Nov 27 15:18:34 CST 2020","Fri Nov 27 15:18:35 CST 2020","701","testcases.cdn.vip_console","test_vip_log_query","Test_Vip_Log_Query","","","test_CDN_242442",""
"passed","Fri Nov 27 15:18:49 CST 2020","Fri Nov 27 15:18:50 CST 2020","674","testcases.cdn.vip_console","test_vip_log_query","Test_Vip_Log_Query","","","test_CDN_242530",""
"broken","Fri Nov 27 15:15:09 CST 2020","Fri Nov 27 15:15:09 CST 2020","0","testcases.cdn.ctyun_console","test_ctyun_log_query","Test_Ctyun_Log_Query","","","test_CDN_246262",""
"passed","Fri Nov 27 15:19:00 CST 2020","Fri Nov 27 15:19:01 CST 2020","946","testcases.cdn.vip_console","test_vip_log_query","Test_Vip_Log_Query","","","test_CDN_264859",""
"broken","Fri Nov 27 15:15:11 CST 2020","Fri Nov 27 15:15:11 CST 2020","0","testcases.cdn.ctyun_console","test_ctyun_log_top","Test_Ctyun_Top","","","test_CDN_251646",""
"passed","Fri Nov 27 15:19:36 CST 2020","Fri Nov 27 15:19:36 CST 2020","600","testcases.cdn.vip_console","test_vip_log_top","Test_Vip_Top","","","test_CDN_249274",""
"broken","Fri Nov 27 15:15:10 CST 2020","Fri Nov 27 15:15:10 CST 2020","0","testcases.cdn.ctyun_console","test_ctyun_log_query","Test_Ctyun_Log_Query","","","test_CDN_246286",""
"passed","Fri Nov 27 15:17:06 CST 2020","Fri Nov 27 15:18:01 CST 2020","55208","testcases.cdn.vip_console","test_vip_domain","Test_Vip_Domain","","","test_Domain_Flow","
                工单状态： 2- 进行中 3- 成功  4- 失败
                :return:
                "
"passed","Fri Nov 27 15:14:43 CST 2020","Fri Nov 27 15:14:44 CST 2020","896","testcases.cdn.bs_console","test_bs_order","Test_Bs_Order","","","test_CDN_261178",""
"passed","Fri Nov 27 15:16:58 CST 2020","Fri Nov 27 15:16:58 CST 2020","63","testcases.cdn.vip_console","test_vip_billing","Test_Vip_Billing","","","test_CDN_240890",""
"failed","Fri Nov 27 15:20:23 CST 2020","Fri Nov 27 15:20:24 CST 2020","451","testcases.cdn.vip_console","test_vip_refresh","Test_Vip_Refresh","","","test_CDN_240871",""
"passed","Fri Nov 27 15:18:27 CST 2020","Fri Nov 27 15:18:28 CST 2020","866","testcases.cdn.vip_console","test_vip_log_query","Test_Vip_Log_Query","","","test_CDN_242424",""
"passed","Fri Nov 27 15:18:33 CST 2020","Fri Nov 27 15:18:33 CST 2020","551","testcases.cdn.vip_console","test_vip_log_query","Test_Vip_Log_Query","","","test_CDN_242438",""
"broken","Fri Nov 27 15:15:08 CST 2020","Fri Nov 27 15:15:08 CST 2020","86","testcases.cdn.ctyun_console","test_ctyun_cert","Test_Ctyun_cert","","","test_CDN_260851","
        核对证书管理页面证书数量与概览页证书数量一致，关联到2个CertList接口，url一样，请求方式及请求数据不同
        :return:
        "
"passed","Fri Nov 27 15:13:34 CST 2020","Fri Nov 27 15:13:35 CST 2020","493","testcases.cdn.bs_console","test_bs_log_query","Test_BS_Log_Query","","","test_CDN_243693",""
"broken","Fri Nov 27 15:15:10 CST 2020","Fri Nov 27 15:15:10 CST 2020","0","testcases.cdn.ctyun_console","test_ctyun_log_top","Test_Ctyun_Top","","","test_CDN_251627",""
"passed","Fri Nov 27 15:16:58 CST 2020","Fri Nov 27 15:16:58 CST 2020","61","testcases.cdn.vip_console","test_vip_billing","Test_Vip_Billing","","","test_CDN_240891",""
"passed","Fri Nov 27 15:19:57 CST 2020","Fri Nov 27 15:19:57 CST 2020","210","testcases.cdn.vip_console","test_vip_order","Test_Vip_Order","","","test_CDN_259715",""
"passed","Fri Nov 27 15:19:32 CST 2020","Fri Nov 27 15:19:33 CST 2020","570","testcases.cdn.vip_console","test_vip_log_top","Test_Vip_Top","","","test_CDN_249265",""
"passed","Fri Nov 27 15:19:56 CST 2020","Fri Nov 27 15:19:56 CST 2020","311","testcases.cdn.vip_console","test_vip_order","Test_Vip_Order","","","test_CDN_253381",""
"broken","Fri Nov 27 15:15:14 CST 2020","Fri Nov 27 15:15:14 CST 2020","0","testcases.cdn.ctyun_console","test_ctyun_refresh","Test_Ctyun_Refresh","","","test_CDN_246217",""
"passed","Fri Nov 27 15:16:56 CST 2020","Fri Nov 27 15:16:57 CST 2020","1014","testcases.cdn.v1","test_v1_statistics","TestStatistics","","","test_CDN_241490",""
"passed","Fri Nov 27 15:18:48 CST 2020","Fri Nov 27 15:18:49 CST 2020","544","testcases.cdn.vip_console","test_vip_log_query","Test_Vip_Log_Query","","","test_CDN_242529",""
"skipped","Fri Nov 27 15:14:01 CST 2020","Fri Nov 27 15:14:01 CST 2020","0","testcases.cdn.bs_console","test_bs_log_query","Test_BS_Log_Query","","","test_CDN_271054",""
"passed","Fri Nov 27 15:19:33 CST 2020","Fri Nov 27 15:19:33 CST 2020","586","testcases.cdn.vip_console","test_vip_log_top","Test_Vip_Top","","","test_CDN_249266",""
"passed","Fri Nov 27 15:16:57 CST 2020","Fri Nov 27 15:16:57 CST 2020","161","testcases.cdn.vip_console","test_vip_billing","Test_Vip_Billing","","","test_CDN_240887",""
"broken","Fri Nov 27 15:15:10 CST 2020","Fri Nov 27 15:15:10 CST 2020","0","testcases.cdn.ctyun_console","test_ctyun_log_top","Test_Ctyun_Top","","","test_CDN_251622",""
"passed","Fri Nov 27 15:14:32 CST 2020","Fri Nov 27 15:14:33 CST 2020","572","testcases.cdn.bs_console","test_bs_log_user","Test_BS_Log_dataList","","","test_CDN_243661",""
"broken","Fri Nov 27 15:15:09 CST 2020","Fri Nov 27 15:15:09 CST 2020","0","testcases.cdn.ctyun_console","test_ctyun_log_query","Test_Ctyun_Log_Query","","","test_CDN_246244",""
"passed","Fri Nov 27 15:20:06 CST 2020","Fri Nov 27 15:20:06 CST 2020","169","testcases.cdn.vip_console","test_vip_overview","Test_Vip_Overview","","","test_CDN_244509",""
"passed","Fri Nov 27 15:14:28 CST 2020","Fri Nov 27 15:14:28 CST 2020","169","testcases.cdn.bs_console","test_bs_log_top","Test_Bs_Top","","","test_CDN_251615",""
"passed","Fri Nov 27 15:13:30 CST 2020","Fri Nov 27 15:13:31 CST 2020","1027","testcases.cdn.bs_console","test_bs_log_query","Test_BS_Log_Query","","","test_CDN_243686",""
"passed","Fri Nov 27 15:19:24 CST 2020","Fri Nov 27 15:19:24 CST 2020","574","testcases.cdn.vip_console","test_vip_log_top","Test_Vip_Top","","","test_CDN_248715",""
"passed","Fri Nov 27 15:16:55 CST 2020","Fri Nov 27 15:16:56 CST 2020","1104","testcases.cdn.v1","test_v1_domain","TestDomain","","","test_CDN_241509",""
"broken","Fri Nov 27 15:15:08 CST 2020","Fri Nov 27 15:15:08 CST 2020","0","testcases.cdn.ctyun_console","test_ctyun_log_query","Test_Ctyun_Log_Query","","","test_CDN_246239",""
"broken","Fri Nov 27 15:15:12 CST 2020","Fri Nov 27 15:15:12 CST 2020","0","testcases.cdn.ctyun_console","test_ctyun_log_user","Test_Ctyun_Log_dataList","","","test_CDN_246231",""
"passed","Fri Nov 27 15:19:38 CST 2020","Fri Nov 27 15:19:38 CST 2020","589","testcases.cdn.vip_console","test_vip_log_top","Test_Vip_Top","","","test_CDN_249282",""
"broken","Fri Nov 27 15:15:12 CST 2020","Fri Nov 27 15:15:12 CST 2020","0","testcases.cdn.ctyun_console","test_ctyun_log_user","Test_Ctyun_Log_dataList","","","test_CDN_246225",""
"passed","Fri Nov 27 15:17:04 CST 2020","Fri Nov 27 15:17:05 CST 2020","379","testcases.cdn.vip_console","test_vip_cert","Test_cert","","","test_CDN_260770","
        核对证书管理页面证书数量与概览页证书数量一致，关联到2个CertList接口，url一样，请求方式及请求数据不同
        :return:
        "
"passed","Fri Nov 27 15:16:34 CST 2020","Fri Nov 27 15:16:36 CST 2020","1749","testcases.cdn.v1","test_v1_domain","TestDomain","","","test_CDN_264310",""
"passed","Fri Nov 27 15:20:05 CST 2020","Fri Nov 27 15:20:05 CST 2020","197","testcases.cdn.vip_console","test_vip_overview","Test_Vip_Overview","","","test_CDN_244506",""
"passed","Fri Nov 27 15:19:58 CST 2020","Fri Nov 27 15:19:59 CST 2020","1046","testcases.cdn.vip_console","test_vip_order","Test_Vip_Order","","","test_CDN_261149",""
"passed","Fri Nov 27 15:13:33 CST 2020","Fri Nov 27 15:13:34 CST 2020","580","testcases.cdn.bs_console","test_bs_log_query","Test_BS_Log_Query","","","test_CDN_243691",""
"broken","Fri Nov 27 15:15:08 CST 2020","Fri Nov 27 15:15:08 CST 2020","0","testcases.cdn.ctyun_console","test_ctyun_log_query","Test_Ctyun_Log_Query","","","test_CDN_246241",""
"passed","Fri Nov 27 15:18:32 CST 2020","Fri Nov 27 15:18:33 CST 2020","657","testcases.cdn.vip_console","test_vip_log_query","Test_Vip_Log_Query","","","test_CDN_242436",""
"passed","Fri Nov 27 15:13:32 CST 2020","Fri Nov 27 15:13:33 CST 2020","487","testcases.cdn.bs_console","test_bs_log_query","Test_BS_Log_Query","","","test_CDN_243689",""
"broken","Fri Nov 27 15:15:10 CST 2020","Fri Nov 27 15:15:10 CST 2020","0","testcases.cdn.ctyun_console","test_ctyun_log_top","Test_Ctyun_Top","","","test_CDN_251626",""
"passed","Fri Nov 27 15:20:01 CST 2020","Fri Nov 27 15:20:03 CST 2020","2208","testcases.cdn.vip_console","test_vip_order","Test_Vip_Order","","","test_CDN_261150",""
"broken","Fri Nov 27 15:15:09 CST 2020","Fri Nov 27 15:15:09 CST 2020","0","testcases.cdn.ctyun_console","test_ctyun_log_query","Test_Ctyun_Log_Query","","","test_CDN_246256",""
"passed","Fri Nov 27 15:18:40 CST 2020","Fri Nov 27 15:18:40 CST 2020","661","testcases.cdn.vip_console","test_vip_log_query","Test_Vip_Log_Query","","","test_CDN_242460",""
"broken","Fri Nov 27 15:15:10 CST 2020","Fri Nov 27 15:15:10 CST 2020","0","testcases.cdn.ctyun_console","test_ctyun_log_top","Test_Ctyun_Top","","","test_CDN_251621",""
"broken","Fri Nov 27 15:15:09 CST 2020","Fri Nov 27 15:15:09 CST 2020","0","testcases.cdn.ctyun_console","test_ctyun_log_query","Test_Ctyun_Log_Query","","","test_CDN_246273",""
"passed","Fri Nov 27 15:18:22 CST 2020","Fri Nov 27 15:18:23 CST 2020","672","testcases.cdn.vip_console","test_vip_log_query","Test_Vip_Log_Query","","","test_CDN_242412",""
"broken","Fri Nov 27 15:15:09 CST 2020","Fri Nov 27 15:15:09 CST 2020","0","testcases.cdn.ctyun_console","test_ctyun_log_query","Test_Ctyun_Log_Query","","","test_CDN_246246",""
"passed","Fri Nov 27 15:18:45 CST 2020","Fri Nov 27 15:18:46 CST 2020","520","testcases.cdn.vip_console","test_vip_log_query","Test_Vip_Log_Query","","","test_CDN_242524",""
"passed","Fri Nov 27 15:19:51 CST 2020","Fri Nov 27 15:19:52 CST 2020","742","testcases.cdn.vip_console","test_vip_log_user","Test_Vip_Log_dataList","","","test_CDN_242515",""
"passed","Fri Nov 27 15:15:20 CST 2020","Fri Nov 27 15:15:21 CST 2020","1215","testcases.cdn.v1","test_v1_cert","TestCert","","","test_CDN_241172",""
"passed","Fri Nov 27 15:19:40 CST 2020","Fri Nov 27 15:19:40 CST 2020","290","testcases.cdn.vip_console","test_vip_log_top","Test_Vip_Top","","","test_CDN_249286",""
"broken","Fri Nov 27 15:15:10 CST 2020","Fri Nov 27 15:15:10 CST 2020","0","testcases.cdn.ctyun_console","test_ctyun_log_query","Test_Ctyun_Log_Query","","","test_CDN_246281",""
"skipped","Fri Nov 27 15:14:01 CST 2020","Fri Nov 27 15:14:01 CST 2020","0","testcases.cdn.bs_console","test_bs_log_query","Test_BS_Log_Query","","","test_CDN_270982",""
"passed","Fri Nov 27 15:20:05 CST 2020","Fri Nov 27 15:20:05 CST 2020","253","testcases.cdn.vip_console","test_vip_overview","Test_Vip_Overview","","","test_CDN_240854",""
"passed","Fri Nov 27 15:19:48 CST 2020","Fri Nov 27 15:19:49 CST 2020","743","testcases.cdn.vip_console","test_vip_log_user","Test_Vip_Log_dataList","","","test_CDN_242519",""
"broken","Fri Nov 27 15:15:12 CST 2020","Fri Nov 27 15:15:12 CST 2020","0","testcases.cdn.ctyun_console","test_ctyun_order","Test_Ctyun_Order","","","test_CDN_261184",""
"broken","Fri Nov 27 15:15:11 CST 2020","Fri Nov 27 15:15:11 CST 2020","0","testcases.cdn.ctyun_console","test_ctyun_log_top","Test_Ctyun_Top","","","test_CDN_251645",""
"broken","Fri Nov 27 15:15:11 CST 2020","Fri Nov 27 15:15:11 CST 2020","0","testcases.cdn.ctyun_console","test_ctyun_log_top","Test_Ctyun_Top","","","test_CDN_251644",""
"skipped","Fri Nov 27 15:16:56 CST 2020","Fri Nov 27 15:16:56 CST 2020","0","testcases.cdn.v1","test_v1_statistics","TestStatistics","","","test_CDN_241492",""
"passed","Fri Nov 27 15:13:36 CST 2020","Fri Nov 27 15:13:37 CST 2020","580","testcases.cdn.bs_console","test_bs_log_query","Test_BS_Log_Query","","","test_CDN_243696",""
"passed","Fri Nov 27 15:13:18 CST 2020","Fri Nov 27 15:13:18 CST 2020","350","testcases.cdn.bs_console","test_bs_cert","Test_BS_cert","","","test_CDN_244101",""
"passed","Fri Nov 27 15:19:41 CST 2020","Fri Nov 27 15:19:41 CST 2020","279","testcases.cdn.vip_console","test_vip_log_top","Test_Vip_Top","","","test_CDN_249290",""
"failed","Fri Nov 27 15:15:07 CST 2020","Fri Nov 27 15:15:07 CST 2020","130","testcases.cdn.ctyun_console","test_ctyun_cert","Test_Ctyun_cert","","","test_CDN_246181",""
"broken","Fri Nov 27 15:15:14 CST 2020","Fri Nov 27 15:15:14 CST 2020","0","testcases.cdn.ctyun_console","test_ctyun_refresh","Test_Ctyun_Refresh","","","test_CDN_246214",""
"failed","Fri Nov 27 15:15:05 CST 2020","Fri Nov 27 15:15:06 CST 2020","461","testcases.cdn.bs_console","test_bs_tools","Test_Bs_Tools","","","test_CDN_243731",""
"passed","Fri Nov 27 15:18:46 CST 2020","Fri Nov 27 15:18:46 CST 2020","554","testcases.cdn.vip_console","test_vip_log_query","Test_Vip_Log_Query","","","test_CDN_242525",""
"passed","Fri Nov 27 15:19:27 CST 2020","Fri Nov 27 15:19:28 CST 2020","586","testcases.cdn.vip_console","test_vip_log_top","Test_Vip_Top","","","test_CDN_249254",""
"broken","Fri Nov 27 15:15:11 CST 2020","Fri Nov 27 15:15:11 CST 2020","0","testcases.cdn.ctyun_console","test_ctyun_log_user","Test_Ctyun_Log_dataList","","","test_CDN_246233",""
"passed","Fri Nov 27 15:13:12 CST 2020","Fri Nov 27 15:13:12 CST 2020","66","testcases.cdn.bs_console","test_bs_billing","Test_BS_Billing","","","test_CDN_243726",""
"passed","Fri Nov 27 15:15:14 CST 2020","Fri Nov 27 15:15:14 CST 2020","549","testcases.cdn.v1","test_v1_case","TestCase","","","test_CDN_241163",""
"passed","Fri Nov 27 15:14:36 CST 2020","Fri Nov 27 15:14:36 CST 2020","572","testcases.cdn.bs_console","test_bs_log_user","Test_BS_Log_dataList","","","test_CDN_243667",""
"failed","Fri Nov 27 15:14:54 CST 2020","Fri Nov 27 15:15:01 CST 2020","7068","testcases.cdn.bs_console","test_bs_refresh","Test_Bs_Refresh","","","test_CDN_243737",""
"broken","Fri Nov 27 15:15:12 CST 2020","Fri Nov 27 15:15:12 CST 2020","0","testcases.cdn.ctyun_console","test_ctyun_order","Test_Ctyun_Order","","","test_CDN_260758",""
"passed","Fri Nov 27 15:19:25 CST 2020","Fri Nov 27 15:19:26 CST 2020","577","testcases.cdn.vip_console","test_vip_log_top","Test_Vip_Top","","","test_CDN_249250",""
"passed","Fri Nov 27 15:13:43 CST 2020","Fri Nov 27 15:13:44 CST 2020","540","testcases.cdn.bs_console","test_bs_log_query","Test_BS_Log_Query","","","test_CDN_243710",""
"broken","Fri Nov 27 15:15:11 CST 2020","Fri Nov 27 15:15:11 CST 2020","0","testcases.cdn.ctyun_console","test_ctyun_log_top","Test_Ctyun_Top","","","test_CDN_251632",""
"passed","Fri Nov 27 15:15:15 CST 2020","Fri Nov 27 15:15:16 CST 2020","939","testcases.cdn.v1","test_v1_case","TestCase","","","test_CDN_241167",""
"failed","Fri Nov 27 15:20:09 CST 2020","Fri Nov 27 15:20:09 CST 2020","413","testcases.cdn.vip_console","test_vip_refresh","Test_Vip_Refresh","","","test_CDN_240864",""
"passed","Fri Nov 27 15:14:24 CST 2020","Fri Nov 27 15:14:25 CST 2020","471","testcases.cdn.bs_console","test_bs_log_top","Test_Bs_Top","","","test_CDN_251603",""
"broken","Fri Nov 27 15:15:11 CST 2020","Fri Nov 27 15:15:11 CST 2020","0","testcases.cdn.ctyun_console","test_ctyun_log_top","Test_Ctyun_Top","","","test_CDN_251635",""
"passed","Fri Nov 27 15:18:30 CST 2020","Fri Nov 27 15:18:31 CST 2020","1173","testcases.cdn.vip_console","test_vip_log_query","Test_Vip_Log_Query","","","test_CDN_242432",""
"passed","Fri Nov 27 15:14:35 CST 2020","Fri Nov 27 15:14:36 CST 2020","557","testcases.cdn.bs_console","test_bs_log_user","Test_BS_Log_dataList","","","test_CDN_243666",""
"passed","Fri Nov 27 15:19:58 CST 2020","Fri Nov 27 15:19:58 CST 2020","125","testcases.cdn.vip_console","test_vip_order","Test_Vip_Order","","","test_CDN_253383",""
"passed","Fri Nov 27 15:20:06 CST 2020","Fri Nov 27 15:20:07 CST 2020","1162","testcases.cdn.vip_console","test_vip_overview","Test_Vip_Overview","","","test_CDN_259935","
        1. 校对c_data ,c_domain下的域名数量 （domain代表用户可访问的域名数量，data代表用户进行统计分析操作的域名数量）
        2. 校对域名管理页面的域名数量等同于1里面统计的域名数量
        :return:
        "
"passed","Fri Nov 27 15:13:44 CST 2020","Fri Nov 27 15:13:45 CST 2020","416","testcases.cdn.bs_console","test_bs_log_query","Test_BS_Log_Query","","","test_CDN_2437112",""
"passed","Fri Nov 27 15:18:33 CST 2020","Fri Nov 27 15:18:34 CST 2020","653","testcases.cdn.vip_console","test_vip_log_query","Test_Vip_Log_Query","","","test_CDN_242440",""
"failed","Fri Nov 27 15:20:08 CST 2020","Fri Nov 27 15:20:09 CST 2020","337","testcases.cdn.vip_console","test_vip_refresh","Test_Vip_Refresh","","","test_CDN_240863",""
"broken","Fri Nov 27 15:15:12 CST 2020","Fri Nov 27 15:15:12 CST 2020","0","testcases.cdn.ctyun_console","test_ctyun_order","Test_Ctyun_Order","","","test_CDN_260761",""
"passed","Fri Nov 27 15:18:35 CST 2020","Fri Nov 27 15:18:35 CST 2020","549","testcases.cdn.vip_console","test_vip_log_query","Test_Vip_Log_Query","","","test_CDN_242444",""
"failed","Fri Nov 27 15:14:52 CST 2020","Fri Nov 27 15:14:52 CST 2020","289","testcases.cdn.bs_console","test_bs_refresh","Test_Bs_Refresh","","","test_CDN_243734",""
"passed","Fri Nov 27 15:17:04 CST 2020","Fri Nov 27 15:17:04 CST 2020","211","testcases.cdn.vip_console","test_vip_cert","Test_cert","","","test_CDN_240678",""
"failed","Fri Nov 27 15:15:12 CST 2020","Fri Nov 27 15:15:12 CST 2020","93","testcases.cdn.ctyun_console","test_ctyun_overview","Test_Ctyun_Overview","","","test_CDN_246305",""
"passed","Fri Nov 27 15:13:38 CST 2020","Fri Nov 27 15:13:39 CST 2020","593","testcases.cdn.bs_console","test_bs_log_query","Test_BS_Log_Query","","","test_CDN_243701",""
"passed","Fri Nov 27 15:18:22 CST 2020","Fri Nov 27 15:18:22 CST 2020","581","testcases.cdn.vip_console","test_vip_log_query","Test_Vip_Log_Query","","","test_CDN_242410",""
"broken","Fri Nov 27 15:15:10 CST 2020","Fri Nov 27 15:15:10 CST 2020","0","testcases.cdn.ctyun_console","test_ctyun_log_query","Test_Ctyun_Log_Query","","","test_CDN_265358",""
"broken","Fri Nov 27 15:15:10 CST 2020","Fri Nov 27 15:15:10 CST 2020","0","testcases.cdn.ctyun_console","test_ctyun_log_query","Test_Ctyun_Log_Query","","","test_CDN_265360",""
"passed","Fri Nov 27 15:20:00 CST 2020","Fri Nov 27 15:20:01 CST 2020","1082","testcases.cdn.vip_console","test_vip_order","Test_Vip_Order","","","test_CDN_260983",""
"passed","Fri Nov 27 15:14:36 CST 2020","Fri Nov 27 15:14:37 CST 2020","573","testcases.cdn.bs_console","test_bs_log_user","Test_BS_Log_dataList","","","test_CDN_243668",""
"passed","Fri Nov 27 15:19:57 CST 2020","Fri Nov 27 15:19:57 CST 2020","209","testcases.cdn.vip_console","test_vip_order","Test_Vip_Order","","","test_CDN_259714",""
"broken","Fri Nov 27 15:15:14 CST 2020","Fri Nov 27 15:15:14 CST 2020","0","testcases.cdn.ctyun_console","test_ctyun_refresh","Test_Ctyun_Refresh","","","test_CDN_246215",""
"broken","Fri Nov 27 15:15:08 CST 2020","Fri Nov 27 15:15:08 CST 2020","0","testcases.cdn.ctyun_console","test_ctyun_log_query","Test_Ctyun_Log_Query","","","test_CDN_246242",""
"passed","Fri Nov 27 15:15:16 CST 2020","Fri Nov 27 15:15:17 CST 2020","445","testcases.cdn.v1","test_v1_case","TestCase","","","test_CDN_241168",""
"broken","Fri Nov 27 15:15:12 CST 2020","Fri Nov 27 15:15:12 CST 2020","0","testcases.cdn.ctyun_console","test_ctyun_order","Test_Ctyun_Order","","","test_CDN_261182",""
"passed","Fri Nov 27 15:18:20 CST 2020","Fri Nov 27 15:18:21 CST 2020","581","testcases.cdn.vip_console","test_vip_log_query","Test_Vip_Log_Query","","","test_CDN_242404",""
"passed","Fri Nov 27 15:19:50 CST 2020","Fri Nov 27 15:19:51 CST 2020","661","testcases.cdn.vip_console","test_vip_log_user","Test_Vip_Log_dataList","","","test_CDN_242516",""
"broken","Fri Nov 27 15:15:10 CST 2020","Fri Nov 27 15:15:10 CST 2020","0","testcases.cdn.ctyun_console","test_ctyun_log_query","Test_Ctyun_Log_Query","","","test_CDN_246275",""
"passed","Fri Nov 27 15:13:25 CST 2020","Fri Nov 27 15:13:26 CST 2020","570","testcases.cdn.bs_console","test_bs_log_query","Test_BS_Log_Query","","","test_CDN_243678",""
"passed","Fri Nov 27 15:13:25 CST 2020","Fri Nov 27 15:13:25 CST 2020","494","testcases.cdn.bs_console","test_bs_log_query","Test_BS_Log_Query","","","test_CDN_243677",""
"passed","Fri Nov 27 15:18:39 CST 2020","Fri Nov 27 15:18:40 CST 2020","557","testcases.cdn.vip_console","test_vip_log_query","Test_Vip_Log_Query","","","test_CDN_242458",""
"passed","Fri Nov 27 15:13:12 CST 2020","Fri Nov 27 15:13:12 CST 2020","184","testcases.cdn.bs_console","test_bs_billing","Test_BS_Billing","","","test_CDN_243725",""
"passed","Fri Nov 27 15:16:58 CST 2020","Fri Nov 27 15:16:58 CST 2020","167","testcases.cdn.vip_console","test_vip_billing","Test_Vip_Billing","","","test_CDN_240892",""
"broken","Fri Nov 27 15:15:13 CST 2020","Fri Nov 27 15:15:13 CST 2020","0","testcases.cdn.ctyun_console","test_ctyun_refresh","Test_Ctyun_Refresh","","","test_CDN_246206",""
"passed","Fri Nov 27 15:13:45 CST 2020","Fri Nov 27 15:13:45 CST 2020","571","testcases.cdn.bs_console","test_bs_log_query","Test_BS_Log_Query","","","test_CDN_243713",""
"passed","Fri Nov 27 15:19:26 CST 2020","Fri Nov 27 15:19:27 CST 2020","286","testcases.cdn.vip_console","test_vip_log_top","Test_Vip_Top","","","test_CDN_249252",""
"passed","Fri Nov 27 15:13:17 CST 2020","Fri Nov 27 15:13:18 CST 2020","735","testcases.cdn.bs_console","test_bs_cert","Test_BS_cert","","","test_CDN_243772",""
"broken","Fri Nov 27 15:15:11 CST 2020","Fri Nov 27 15:15:11 CST 2020","0","testcases.cdn.ctyun_console","test_ctyun_log_user","Test_Ctyun_Log_dataList","","","test_CDN_246236",""
"skipped","Fri Nov 27 15:15:10 CST 2020","Fri Nov 27 15:15:10 CST 2020","0","testcases.cdn.ctyun_console","test_ctyun_log_query","Test_Ctyun_Log_Query","","","test_CDN_270975",""
"passed","Fri Nov 27 15:15:21 CST 2020","Fri Nov 27 15:15:22 CST 2020","498","testcases.cdn.v1","test_v1_cert","TestCert","","","test_CDN_241173",""
"passed","Fri Nov 27 15:14:21 CST 2020","Fri Nov 27 15:14:21 CST 2020","164","testcases.cdn.bs_console","test_bs_log_top","Test_Bs_Top","","","test_CDN_251594",""
"passed","Fri Nov 27 15:19:52 CST 2020","Fri Nov 27 15:19:52 CST 2020","677","testcases.cdn.vip_console","test_vip_log_user","Test_Vip_Log_dataList","","","test_CDN_242514",""
"passed","Fri Nov 27 15:13:51 CST 2020","Fri Nov 27 15:13:53 CST 2020","1383","testcases.cdn.bs_console","test_bs_log_query","Test_BS_Log_Query","","","test_CDN_243721",""
"passed","Fri Nov 27 15:20:05 CST 2020","Fri Nov 27 15:20:06 CST 2020","213","testcases.cdn.vip_console","test_vip_overview","Test_Vip_Overview","","","test_CDN_244507",""
"broken","Fri Nov 27 15:15:10 CST 2020","Fri Nov 27 15:15:10 CST 2020","0","testcases.cdn.ctyun_console","test_ctyun_log_top","Test_Ctyun_Top","","","test_CDN_251624",""
"failed","Fri Nov 27 15:20:11 CST 2020","Fri Nov 27 15:20:12 CST 2020","1288","testcases.cdn.vip_console","test_vip_refresh","Test_Vip_Refresh","","","test_CDN_240867",""
"passed","Fri Nov 27 15:13:24 CST 2020","Fri Nov 27 15:13:25 CST 2020","591","testcases.cdn.bs_console","test_bs_log_query","Test_BS_Log_Query","","","test_CDN_243676",""
"broken","Fri Nov 27 15:15:09 CST 2020","Fri Nov 27 15:15:09 CST 2020","0","testcases.cdn.ctyun_console","test_ctyun_log_query","Test_Ctyun_Log_Query","","","test_CDN_246271",""
"broken","Fri Nov 27 15:15:12 CST 2020","Fri Nov 27 15:15:12 CST 2020","0","testcases.cdn.ctyun_console","test_ctyun_log_user","Test_Ctyun_Log_dataList","","","test_CDN_246234",""
"broken","Fri Nov 27 15:15:12 CST 2020","Fri Nov 27 15:15:12 CST 2020","0","testcases.cdn.ctyun_console","test_ctyun_log_user","Test_Ctyun_Log_dataList","","","test_CDN_246229",""
"passed","Fri Nov 27 15:13:31 CST 2020","Fri Nov 27 15:13:32 CST 2020","488","testcases.cdn.bs_console","test_bs_log_query","Test_BS_Log_Query","","","test_CDN_243687",""
"passed","Fri Nov 27 15:13:23 CST 2020","Fri Nov 27 15:13:23 CST 2020","539","testcases.cdn.bs_console","test_bs_log_query","Test_BS_Log_Query","","","test_CDN_243673",""
"broken","Fri Nov 27 15:15:10 CST 2020","Fri Nov 27 15:15:10 CST 2020","0","testcases.cdn.ctyun_console","test_ctyun_log_query","Test_Ctyun_Log_Query","","","test_CDN_246279",""
"passed","Fri Nov 27 15:19:57 CST 2020","Fri Nov 27 15:19:58 CST 2020","165","testcases.cdn.vip_console","test_vip_order","Test_Vip_Order","","","test_CDN_253385",""
"broken","Fri Nov 27 15:15:10 CST 2020","Fri Nov 27 15:15:10 CST 2020","0","testcases.cdn.ctyun_console","test_ctyun_log_query","Test_Ctyun_Log_Query","","","test_CDN_246287",""
"broken","Fri Nov 27 15:15:13 CST 2020","Fri Nov 27 15:15:13 CST 2020","0","testcases.cdn.ctyun_console","test_ctyun_refresh","Test_Ctyun_Refresh","","","test_CDN_246220",""
"broken","Fri Nov 27 15:15:08 CST 2020","Fri Nov 27 15:15:08 CST 2020","0","testcases.cdn.ctyun_console","test_ctyun_log_query","Test_Ctyun_Log_Query","","","test_CDN_246240",""
"passed","Fri Nov 27 15:14:42 CST 2020","Fri Nov 27 15:14:43 CST 2020","978","testcases.cdn.bs_console","test_bs_order","Test_Bs_Order","","","test_CDN_261177",""
"passed","Fri Nov 27 15:14:00 CST 2020","Fri Nov 27 15:14:01 CST 2020","1481","testcases.cdn.bs_console","test_bs_log_query","Test_BS_Log_Query","","","test_CDN_265369",""
"passed","Fri Nov 27 15:16:49 CST 2020","Fri Nov 27 15:16:52 CST 2020","3050","testcases.cdn.v1","test_v1_domain","TestDomain","","","test_CDN_262424[005-服务调用成功]",""
"passed","Fri Nov 27 15:14:41 CST 2020","Fri Nov 27 15:14:41 CST 2020","119","testcases.cdn.bs_console","test_bs_order","Test_Bs_Order","","","test_CDN_260749",""
"passed","Fri Nov 27 15:14:45 CST 2020","Fri Nov 27 15:14:46 CST 2020","441","testcases.cdn.bs_console","test_bs_overview","Test_BS_Overview","","","test_CDN_243750",""
"passed","Fri Nov 27 15:20:28 CST 2020","Fri Nov 27 15:20:28 CST 2020","205","testcases.cdn.vip_console","test_vip_refresh","Test_Vip_Refresh","","","test_CDN_241653",""
"broken","Fri Nov 27 15:15:08 CST 2020","Fri Nov 27 15:15:08 CST 2020","0","testcases.cdn.ctyun_console","test_ctyun_log_query","Test_Ctyun_Log_Query","","","test_CDN_246238",""
"failed","Fri Nov 27 15:20:10 CST 2020","Fri Nov 27 15:20:11 CST 2020","990","testcases.cdn.vip_console","test_vip_refresh","Test_Vip_Refresh","","","test_CDN_240866",""
"passed","Fri Nov 27 15:13:35 CST 2020","Fri Nov 27 15:13:36 CST 2020","525","testcases.cdn.bs_console","test_bs_log_query","Test_BS_Log_Query","","","test_CDN_243695",""
"passed","Fri Nov 27 15:15:24 CST 2020","Fri Nov 27 15:15:40 CST 2020","16549","testcases.cdn.v1","test_v1_domain","TestDomain","","","test_CDN_262372",""
"passed","Fri Nov 27 15:14:19 CST 2020","Fri Nov 27 15:14:19 CST 2020","465","testcases.cdn.bs_console","test_bs_log_top","Test_Bs_Top","","","test_CDN_251588",""
"broken","Fri Nov 27 15:15:10 CST 2020","Fri Nov 27 15:15:10 CST 2020","0","testcases.cdn.ctyun_console","test_ctyun_log_query","Test_Ctyun_Log_Query","","","test_CDN_246274",""
"passed","Fri Nov 27 15:13:27 CST 2020","Fri Nov 27 15:13:27 CST 2020","596","testcases.cdn.bs_console","test_bs_log_query","Test_BS_Log_Query","","","test_CDN_243681",""
"passed","Fri Nov 27 15:19:54 CST 2020","Fri Nov 27 15:19:54 CST 2020","728","testcases.cdn.vip_console","test_vip_log_user","Test_Vip_Log_dataList","","","test_CDN_242511",""
"broken","Fri Nov 27 15:15:09 CST 2020","Fri Nov 27 15:15:09 CST 2020","0","testcases.cdn.ctyun_console","test_ctyun_log_query","Test_Ctyun_Log_Query","","","test_CDN_246252",""
"passed","Fri Nov 27 15:15:04 CST 2020","Fri Nov 27 15:15:04 CST 2020","158","testcases.cdn.bs_console","test_bs_refresh","Test_Bs_Refresh","","","test_CDN_243744",""
"broken","Fri Nov 27 15:15:09 CST 2020","Fri Nov 27 15:15:09 CST 2020","1","testcases.cdn.ctyun_console","test_ctyun_log_query","Test_Ctyun_Log_Query","","","test_CDN_246263",""
"passed","Fri Nov 27 15:14:25 CST 2020","Fri Nov 27 15:14:25 CST 2020","466","testcases.cdn.bs_console","test_bs_log_top","Test_Bs_Top","","","test_CDN_251604",""
"passed","Fri Nov 27 15:14:38 CST 2020","Fri Nov 27 15:14:38 CST 2020","560","testcases.cdn.bs_console","test_bs_log_user","Test_BS_Log_dataList","","","test_CDN_243670",""
"failed","Fri Nov 27 15:15:40 CST 2020","Fri Nov 27 15:15:54 CST 2020","13132","testcases.cdn.v1","test_v1_domain","TestDomain","","","test_CDN_262373",""
"broken","Fri Nov 27 15:15:10 CST 2020","Fri Nov 27 15:15:10 CST 2020","0","testcases.cdn.ctyun_console","test_ctyun_log_query","Test_Ctyun_Log_Query","","","test_CDN_246276",""
"passed","Fri Nov 27 15:14:17 CST 2020","Fri Nov 27 15:14:18 CST 2020","246","testcases.cdn.bs_console","test_bs_log_top","Test_Bs_Top","","","test_CDN_251584",""
"passed","Fri Nov 27 15:13:27 CST 2020","Fri Nov 27 15:13:28 CST 2020","718","testcases.cdn.bs_console","test_bs_log_query","Test_BS_Log_Query","","","test_CDN_243682",""
"passed","Fri Nov 27 15:16:40 CST 2020","Fri Nov 27 15:16:43 CST 2020","2937","testcases.cdn.v1","test_v1_domain","TestDomain","","","test_CDN_262424[001-服务调用成功]",""
"passed","Fri Nov 27 15:13:12 CST 2020","Fri Nov 27 15:13:12 CST 2020","60","testcases.cdn.bs_console","test_bs_billing","Test_BS_Billing","","","test_CDN_243727",""
"passed","Fri Nov 27 15:19:01 CST 2020","Fri Nov 27 15:19:02 CST 2020","983","testcases.cdn.vip_console","test_vip_log_query","Test_Vip_Log_Query","","","test_CDN_264860",""
"failed","Fri Nov 27 15:15:12 CST 2020","Fri Nov 27 15:15:12 CST 2020","117","testcases.cdn.ctyun_console","test_ctyun_overview","Test_Ctyun_Overview","","","test_CDN_246299",""
"passed","Fri Nov 27 15:19:56 CST 2020","Fri Nov 27 15:19:57 CST 2020","338","testcases.cdn.vip_console","test_vip_order","Test_Vip_Order","","","test_CDN_253384",""
"passed","Fri Nov 27 15:19:36 CST 2020","Fri Nov 27 15:19:37 CST 2020","574","testcases.cdn.vip_console","test_vip_log_top","Test_Vip_Top","","","test_CDN_249276",""
"passed","Fri Nov 27 15:20:04 CST 2020","Fri Nov 27 15:20:04 CST 2020","225","testcases.cdn.vip_console","test_vip_overview","Test_Vip_Overview","","","test_CDN_240851",""
"passed","Fri Nov 27 15:13:54 CST 2020","Fri Nov 27 15:13:56 CST 2020","2349","testcases.cdn.bs_console","test_bs_log_query","Test_BS_Log_Query","","","test_CDN_243723",""
"passed","Fri Nov 27 15:17:04 CST 2020","Fri Nov 27 15:17:04 CST 2020","293","testcases.cdn.vip_console","test_vip_cert","Test_cert","","","test_CDN_244102",""
"passed","Fri Nov 27 15:14:16 CST 2020","Fri Nov 27 15:14:17 CST 2020","444","testcases.cdn.bs_console","test_bs_log_top","Test_Bs_Top","","","test_CDN_251582",""
"passed","Fri Nov 27 15:19:27 CST 2020","Fri Nov 27 15:19:27 CST 2020","274","testcases.cdn.vip_console","test_vip_log_top","Test_Vip_Top","","","test_CDN_249253",""
"passed","Fri Nov 27 15:18:40 CST 2020","Fri Nov 27 15:18:41 CST 2020","709","testcases.cdn.vip_console","test_vip_log_query","Test_Vip_Log_Query","","","test_CDN_242462",""
"passed","Fri Nov 27 15:15:15 CST 2020","Fri Nov 27 15:15:15 CST 2020","479","testcases.cdn.v1","test_v1_case","TestCase","","","test_CDN_241164",""
"passed","Fri Nov 27 15:19:40 CST 2020","Fri Nov 27 15:19:40 CST 2020","266","testcases.cdn.vip_console","test_vip_log_top","Test_Vip_Top","","","test_CDN_249285",""
"passed","Fri Nov 27 15:18:36 CST 2020","Fri Nov 27 15:18:36 CST 2020","578","testcases.cdn.vip_console","test_vip_log_query","Test_Vip_Log_Query","","","test_CDN_242448",""
"passed","Fri Nov 27 15:14:28 CST 2020","Fri Nov 27 15:14:28 CST 2020","179","testcases.cdn.bs_console","test_bs_log_top","Test_Bs_Top","","","test_CDN_251614",""
"passed","Fri Nov 27 15:13:58 CST 2020","Fri Nov 27 15:13:59 CST 2020","894","testcases.cdn.bs_console","test_bs_log_query","Test_BS_Log_Query","","","test_CDN_265367",""
"passed","Fri Nov 27 15:13:33 CST 2020","Fri Nov 27 15:13:33 CST 2020","506","testcases.cdn.bs_console","test_bs_log_query","Test_BS_Log_Query","","","test_CDN_243690",""
"passed","Fri Nov 27 15:18:56 CST 2020","Fri Nov 27 15:18:58 CST 2020","1308","testcases.cdn.vip_console","test_vip_log_query","Test_Vip_Log_Query","","","test_CDN_242708",""
"broken","Fri Nov 27 15:15:11 CST 2020","Fri Nov 27 15:15:11 CST 2020","0","testcases.cdn.ctyun_console","test_ctyun_log_top","Test_Ctyun_Top","","","test_CDN_251638",""
"passed","Fri Nov 27 15:19:31 CST 2020","Fri Nov 27 15:19:31 CST 2020","286","testcases.cdn.vip_console","test_vip_log_top","Test_Vip_Top","","","test_CDN_249262",""
"passed","Fri Nov 27 15:15:04 CST 2020","Fri Nov 27 15:15:04 CST 2020","206","testcases.cdn.bs_console","test_bs_refresh","Test_Bs_Refresh","","","test_CDN_243745",""
"broken","Fri Nov 27 15:15:10 CST 2020","Fri Nov 27 15:15:10 CST 2020","0","testcases.cdn.ctyun_console","test_ctyun_log_query","Test_Ctyun_Log_Query","","","test_CDN_246278",""
"passed","Fri Nov 27 15:14:40 CST 2020","Fri Nov 27 15:14:40 CST 2020","343","testcases.cdn.bs_console","test_bs_order","Test_Bs_Order","","","test_CDN_260750",""
"passed","Fri Nov 27 15:14:20 CST 2020","Fri Nov 27 15:14:20 CST 2020","470","testcases.cdn.bs_console","test_bs_log_top","Test_Bs_Top","","","test_CDN_251591",""
"passed","Fri Nov 27 15:20:05 CST 2020","Fri Nov 27 15:20:05 CST 2020","82","testcases.cdn.vip_console","test_vip_overview","Test_Vip_Overview","","","test_CDN_240853",""
"passed","Fri Nov 27 15:14:34 CST 2020","Fri Nov 27 15:14:35 CST 2020","558","testcases.cdn.bs_console","test_bs_log_user","Test_BS_Log_dataList","","","test_CDN_243664",""
"passed","Fri Nov 27 15:18:25 CST 2020","Fri Nov 27 15:18:26 CST 2020","745","testcases.cdn.vip_console","test_vip_log_query","Test_Vip_Log_Query","","","test_CDN_242420",""
"skipped","Fri Nov 27 15:15:08 CST 2020","Fri Nov 27 15:15:08 CST 2020","0","testcases.cdn.ctyun_console","test_ctyun_domain","TestDomain","","","test_CDN_123456",""
"failed","Fri Nov 27 15:15:07 CST 2020","Fri Nov 27 15:15:07 CST 2020","461","testcases.cdn.ctyun_console","test_ctyun_cert","Test_Ctyun_cert","","","test_CDN_246180",""
"passed","Fri Nov 27 15:13:57 CST 2020","Fri Nov 27 15:13:58 CST 2020","753","testcases.cdn.bs_console","test_bs_log_query","Test_BS_Log_Query","","","test_CDN_265366",""
"broken","Fri Nov 27 15:15:11 CST 2020","Fri Nov 27 15:15:11 CST 2020","0","testcases.cdn.ctyun_console","test_ctyun_log_top","Test_Ctyun_Top","","","test_CDN_251647",""
"passed","Fri Nov 27 15:14:23 CST 2020","Fri Nov 27 15:14:23 CST 2020","209","testcases.cdn.bs_console","test_bs_log_top","Test_Bs_Top","","","test_CDN_251600",""
"passed","Fri Nov 27 15:18:46 CST 2020","Fri Nov 27 15:18:47 CST 2020","671","testcases.cdn.vip_console","test_vip_log_query","Test_Vip_Log_Query","","","test_CDN_242526",""
"passed","Fri Nov 27 15:18:24 CST 2020","Fri Nov 27 15:18:25 CST 2020","731","testcases.cdn.vip_console","test_vip_log_query","Test_Vip_Log_Query","","","test_CDN_242416",""
"broken","Fri Nov 27 15:15:12 CST 2020","Fri Nov 27 15:15:12 CST 2020","0","testcases.cdn.ctyun_console","test_ctyun_order","Test_Ctyun_Order","","","test_CDN_260762",""
"broken","Fri Nov 27 15:15:12 CST 2020","Fri Nov 27 15:15:12 CST 2020","0","testcases.cdn.ctyun_console","test_ctyun_order","Test_Ctyun_Order","","","test_CDN_261181",""
"skipped","Fri Nov 27 15:19:06 CST 2020","Fri Nov 27 15:19:06 CST 2020","0","testcases.cdn.vip_console","test_vip_log_query","Test_Vip_Log_Query","","","test_CDN_270743",""
"passed","Fri Nov 27 15:19:40 CST 2020","Fri Nov 27 15:19:41 CST 2020","306","testcases.cdn.vip_console","test_vip_log_top","Test_Vip_Top","","","test_CDN_249288",""
"broken","Fri Nov 27 15:15:14 CST 2020","Fri Nov 27 15:15:14 CST 2020","0","testcases.cdn.ctyun_console","test_ctyun_refresh","Test_Ctyun_Refresh","","","test_CDN_246216",""
"skipped","Fri Nov 27 15:19:06 CST 2020","Fri Nov 27 15:19:06 CST 2020","0","testcases.cdn.vip_console","test_vip_log_query","Test_Vip_Log_Query","","","test_CDN_271056",""
"broken","Fri Nov 27 15:15:01 CST 2020","Fri Nov 27 15:15:01 CST 2020","0","testcases.cdn.bs_console","test_bs_refresh","Test_Bs_Refresh","","","test_CDN_243739",""
"passed","Fri Nov 27 15:14:33 CST 2020","Fri Nov 27 15:14:34 CST 2020","567","testcases.cdn.bs_console","test_bs_log_user","Test_BS_Log_dataList","","","test_CDN_243662",""
"passed","Fri Nov 27 15:18:43 CST 2020","Fri Nov 27 15:18:44 CST 2020","718","testcases.cdn.vip_console","test_vip_log_query","Test_Vip_Log_Query","","","test_CDN_242472",""
"broken","Fri Nov 27 15:15:10 CST 2020","Fri Nov 27 15:15:10 CST 2020","0","testcases.cdn.ctyun_console","test_ctyun_log_query","Test_Ctyun_Log_Query","","","test_CDN_265357",""
"broken","Fri Nov 27 15:15:13 CST 2020","Fri Nov 27 15:15:13 CST 2020","0","testcases.cdn.ctyun_console","test_ctyun_refresh","Test_Ctyun_Refresh","","","test_CDN_246208",""
"passed","Fri Nov 27 15:18:30 CST 2020","Fri Nov 27 15:18:30 CST 2020","800","testcases.cdn.vip_console","test_vip_log_query","Test_Vip_Log_Query","","","test_CDN_242430",""
"passed","Fri Nov 27 15:13:37 CST 2020","Fri Nov 27 15:13:37 CST 2020","478","testcases.cdn.bs_console","test_bs_log_query","Test_BS_Log_Query","","","test_CDN_243698",""
"broken","Fri Nov 27 15:15:13 CST 2020","Fri Nov 27 15:15:13 CST 2020","0","testcases.cdn.ctyun_console","test_ctyun_refresh","Test_Ctyun_Refresh","","","test_CDN_246219",""
"passed","Fri Nov 27 15:13:43 CST 2020","Fri Nov 27 15:13:43 CST 2020","446","testcases.cdn.bs_console","test_bs_log_query","Test_BS_Log_Query","","","test_CDN_243709",""
"broken","Fri Nov 27 15:15:11 CST 2020","Fri Nov 27 15:15:11 CST 2020","0","testcases.cdn.ctyun_console","test_ctyun_log_top","Test_Ctyun_Top","","","test_CDN_251658",""
"broken","Fri Nov 27 15:15:10 CST 2020","Fri Nov 27 15:15:10 CST 2020","0","testcases.cdn.ctyun_console","test_ctyun_log_query","Test_Ctyun_Log_Query","","","test_CDN_246288",""
"skipped","Fri Nov 27 15:16:56 CST 2020","Fri Nov 27 15:16:56 CST 2020","0","testcases.cdn.v1","test_v1_statistics","TestStatistics","","","test_CDN_241491",""
"broken","Fri Nov 27 15:15:11 CST 2020","Fri Nov 27 15:15:11 CST 2020","0","testcases.cdn.ctyun_console","test_ctyun_log_top","Test_Ctyun_Top","","","test_CDN_251630",""
"failed","Fri Nov 27 15:16:07 CST 2020","Fri Nov 27 15:16:20 CST 2020","12945","testcases.cdn.v1","test_v1_domain","TestDomain","","","test_CDN_262375",""
"passed","Fri Nov 27 15:16:58 CST 2020","Fri Nov 27 15:16:58 CST 2020","140","testcases.cdn.vip_console","test_vip_billing","Test_Vip_Billing","","","test_CDN_240889",""
"passed","Fri Nov 27 15:13:49 CST 2020","Fri Nov 27 15:13:51 CST 2020","1932","testcases.cdn.bs_console","test_bs_log_query","Test_BS_Log_Query","","","test_CDN_243720",""
"passed","Fri Nov 27 15:18:55 CST 2020","Fri Nov 27 15:18:56 CST 2020","1395","testcases.cdn.vip_console","test_vip_log_query","Test_Vip_Log_Query","","","test_CDN_242707",""
"failed","Fri Nov 27 15:14:53 CST 2020","Fri Nov 27 15:14:54 CST 2020","1099","testcases.cdn.bs_console","test_bs_refresh","Test_Bs_Refresh","","","test_CDN_243736",""
"passed","Fri Nov 27 15:18:26 CST 2020","Fri Nov 27 15:18:27 CST 2020","710","testcases.cdn.vip_console","test_vip_log_query","Test_Vip_Log_Query","","","test_CDN_242422",""
"passed","Fri Nov 27 15:19:57 CST 2020","Fri Nov 27 15:19:57 CST 2020","128","testcases.cdn.vip_console","test_vip_order","Test_Vip_Order","","","test_CDN_259716",""
"passed","Fri Nov 27 15:19:24 CST 2020","Fri Nov 27 15:19:24 CST 2020","277","testcases.cdn.vip_console","test_vip_log_top","Test_Vip_Top","","","test_CDN_248716",""
"passed","Fri Nov 27 15:18:42 CST 2020","Fri Nov 27 15:18:42 CST 2020","673","testcases.cdn.vip_console","test_vip_log_query","Test_Vip_Log_Query","","","test_CDN_242466",""
"broken","Fri Nov 27 15:15:10 CST 2020","Fri Nov 27 15:15:10 CST 2020","0","testcases.cdn.ctyun_console","test_ctyun_log_top","Test_Ctyun_Top","","","test_CDN_251625",""
"passed","Fri Nov 27 15:16:43 CST 2020","Fri Nov 27 15:16:46 CST 2020","2964","testcases.cdn.v1","test_v1_domain","TestDomain","","","test_CDN_262424[003-服务调用成功]",""
"broken","Fri Nov 27 15:15:12 CST 2020","Fri Nov 27 15:15:12 CST 2020","0","testcases.cdn.ctyun_console","test_ctyun_order","Test_Ctyun_Order","","","test_CDN_260764",""
"broken","Fri Nov 27 15:15:08 CST 2020","Fri Nov 27 15:15:08 CST 2020","118","testcases.cdn.ctyun_console","test_ctyun_cert","Test_Ctyun_cert","","","test_CDN_246184",""
"passed","Fri Nov 27 15:13:23 CST 2020","Fri Nov 27 15:13:24 CST 2020","436","testcases.cdn.bs_console","test_bs_log_query","Test_BS_Log_Query","","","test_CDN_243674",""
"passed","Fri Nov 27 15:14:18 CST 2020","Fri Nov 27 15:14:18 CST 2020","472","testcases.cdn.bs_console","test_bs_log_top","Test_Bs_Top","","","test_CDN_251586",""
"passed","Fri Nov 27 15:18:28 CST 2020","Fri Nov 27 15:18:29 CST 2020","1050","testcases.cdn.vip_console","test_vip_log_query","Test_Vip_Log_Query","","","test_CDN_242426",""
"passed","Fri Nov 27 15:13:28 CST 2020","Fri Nov 27 15:13:29 CST 2020","896","testcases.cdn.bs_console","test_bs_log_query","Test_BS_Log_Query","","","test_CDN_243683",""
"passed","Fri Nov 27 15:13:18 CST 2020","Fri Nov 27 15:13:18 CST 2020","170","testcases.cdn.bs_console","test_bs_cert","Test_BS_cert","","","test_CDN_243773",""
"broken","Fri Nov 27 15:15:09 CST 2020","Fri Nov 27 15:15:09 CST 2020","0","testcases.cdn.ctyun_console","test_ctyun_log_query","Test_Ctyun_Log_Query","","","test_CDN_246258",""
"passed","Fri Nov 27 15:14:48 CST 2020","Fri Nov 27 15:14:49 CST 2020","161","testcases.cdn.bs_console","test_bs_overview","Test_BS_Overview","","","test_CDN_243755",""
"broken","Fri Nov 27 15:15:11 CST 2020","Fri Nov 27 15:15:11 CST 2020","0","testcases.cdn.ctyun_console","test_ctyun_log_top","Test_Ctyun_Top","","","test_CDN_251643",""
"passed","Fri Nov 27 15:14:28 CST 2020","Fri Nov 27 15:14:29 CST 2020","255","testcases.cdn.bs_console","test_bs_log_top","Test_Bs_Top","","","test_CDN_251617",""
"broken","Fri Nov 27 15:15:10 CST 2020","Fri Nov 27 15:15:10 CST 2020","0","testcases.cdn.ctyun_console","test_ctyun_log_query","Test_Ctyun_Log_Query","","","test_CDN_246280",""
"passed","Fri Nov 27 15:18:38 CST 2020","Fri Nov 27 15:18:39 CST 2020","661","testcases.cdn.vip_console","test_vip_log_query","Test_Vip_Log_Query","","","test_CDN_242456",""
"passed","Fri Nov 27 15:15:01 CST 2020","Fri Nov 27 15:15:01 CST 2020","161","testcases.cdn.bs_console","test_bs_refresh","Test_Bs_Refresh","","","test_CDN_243740",""
"passed","Fri Nov 27 15:14:48 CST 2020","Fri Nov 27 15:14:48 CST 2020","360","testcases.cdn.bs_console","test_bs_overview","Test_BS_Overview","","","test_CDN_243754",""
"broken","Fri Nov 27 15:20:12 CST 2020","Fri Nov 27 15:20:22 CST 2020","10002","testcases.cdn.vip_console","test_vip_refresh","Test_Vip_Refresh","","","test_CDN_240868",""
"passed","Fri Nov 27 15:14:18 CST 2020","Fri Nov 27 15:14:19 CST 2020","456","testcases.cdn.bs_console","test_bs_log_top","Test_Bs_Top","","","test_CDN_251587",""
"passed","Fri Nov 27 15:14:41 CST 2020","Fri Nov 27 15:14:42 CST 2020","901","testcases.cdn.bs_console","test_bs_order","Test_Bs_Order","","","test_CDN_261179",""
"passed","Fri Nov 27 15:19:35 CST 2020","Fri Nov 27 15:19:36 CST 2020","587","testcases.cdn.vip_console","test_vip_log_top","Test_Vip_Top","","","test_CDN_249272",""
"passed","Fri Nov 27 15:15:17 CST 2020","Fri Nov 27 15:15:19 CST 2020","2393","testcases.cdn.v1","test_v1_cert","TestCert","","","test_CDN_241170",""
"broken","Fri Nov 27 15:15:12 CST 2020","Fri Nov 27 15:15:12 CST 2020","0","testcases.cdn.ctyun_console","test_ctyun_order","Test_Ctyun_Order","","","test_CDN_261183",""
"passed","Fri Nov 27 15:14:35 CST 2020","Fri Nov 27 15:14:35 CST 2020","549","testcases.cdn.bs_console","test_bs_log_user","Test_BS_Log_dataList","","","test_CDN_243665",""
"broken","Fri Nov 27 15:15:08 CST 2020","Fri Nov 27 15:15:08 CST 2020","0","testcases.cdn.ctyun_console","test_ctyun_log_query","Test_Ctyun_Log_Query","","","test_CDN_246237",""
"broken","Fri Nov 27 15:15:10 CST 2020","Fri Nov 27 15:15:10 CST 2020","0","testcases.cdn.ctyun_console","test_ctyun_log_query","Test_Ctyun_Log_Query","","","test_CDN_265359",""
"passed","Fri Nov 27 15:14:16 CST 2020","Fri Nov 27 15:14:16 CST 2020","154","testcases.cdn.bs_console","test_bs_log_top","Test_Bs_Top","","","test_CDN_251579",""
"skipped","Fri Nov 27 15:15:10 CST 2020","Fri Nov 27 15:15:10 CST 2020","0","testcases.cdn.ctyun_console","test_ctyun_log_query","Test_Ctyun_Log_Query","","","test_CDN_27098",""
"passed","Fri Nov 27 15:14:26 CST 2020","Fri Nov 27 15:14:26 CST 2020","170","testcases.cdn.bs_console","test_bs_log_top","Test_Bs_Top","","","test_CDN_251608",""
"broken","Fri Nov 27 15:15:09 CST 2020","Fri Nov 27 15:15:09 CST 2020","0","testcases.cdn.ctyun_console","test_ctyun_log_query","Test_Ctyun_Log_Query","","","test_CDN_246272",""
"broken","Fri Nov 27 15:15:11 CST 2020","Fri Nov 27 15:15:11 CST 2020","0","testcases.cdn.ctyun_console","test_ctyun_log_top","Test_Ctyun_Top","","","test_CDN_251660",""
"skipped","Fri Nov 27 15:19:06 CST 2020","Fri Nov 27 15:19:06 CST 2020","0","testcases.cdn.vip_console","test_vip_log_query","Test_Vip_Log_Query","","","test_CDN_270740",""
"broken","Fri Nov 27 15:15:12 CST 2020","Fri Nov 27 15:15:12 CST 2020","0","testcases.cdn.ctyun_console","test_ctyun_order","Test_Ctyun_Order","","","test_CDN_260757",""
"broken","Fri Nov 27 15:15:09 CST 2020","Fri Nov 27 15:15:09 CST 2020","0","testcases.cdn.ctyun_console","test_ctyun_log_query","Test_Ctyun_Log_Query","","","test_CDN_246264",""
"passed","Fri Nov 27 15:13:29 CST 2020","Fri Nov 27 15:13:30 CST 2020","633","testcases.cdn.bs_console","test_bs_log_query","Test_BS_Log_Query","","","test_CDN_243684",""
"passed","Fri Nov 27 15:14:22 CST 2020","Fri Nov 27 15:14:22 CST 2020","462","testcases.cdn.bs_console","test_bs_log_top","Test_Bs_Top","","","test_CDN_251597",""
"passed","Fri Nov 27 15:14:40 CST 2020","Fri Nov 27 15:14:40 CST 2020","169","testcases.cdn.bs_console","test_bs_order","Test_Bs_Order","","","test_CDN_260753",""
"passed","Fri Nov 27 15:13:37 CST 2020","Fri Nov 27 15:13:37 CST 2020","468","testcases.cdn.bs_console","test_bs_log_query","Test_BS_Log_Query","","","test_CDN_243697",""
"passed","Fri Nov 27 15:18:41 CST 2020","Fri Nov 27 15:18:42 CST 2020","544","testcases.cdn.vip_console","test_vip_log_query","Test_Vip_Log_Query","","","test_CDN_242464",""
"passed","Fri Nov 27 15:13:48 CST 2020","Fri Nov 27 15:13:49 CST 2020","1460","testcases.cdn.bs_console","test_bs_log_query","Test_BS_Log_Query","","","test_CDN_243719",""
"passed","Fri Nov 27 15:16:33 CST 2020","Fri Nov 27 15:16:34 CST 2020","1674","testcases.cdn.v1","test_v1_domain","TestDomain","","","test_CDN_264311",""
"passed","Fri Nov 27 15:14:28 CST 2020","Fri Nov 27 15:14:28 CST 2020","208","testcases.cdn.bs_console","test_bs_log_top","Test_Bs_Top","","","test_CDN_251613",""
"passed","Fri Nov 27 15:18:42 CST 2020","Fri Nov 27 15:18:43 CST 2020","568","testcases.cdn.vip_console","test_vip_log_query","Test_Vip_Log_Query","","","test_CDN_242468",""
"broken","Fri Nov 27 15:15:09 CST 2020","Fri Nov 27 15:15:09 CST 2020","0","testcases.cdn.ctyun_console","test_ctyun_log_query","Test_Ctyun_Log_Query","","","test_CDN_246257",""
"passed","Fri Nov 27 15:18:36 CST 2020","Fri Nov 27 15:18:37 CST 2020","632","testcases.cdn.vip_console","test_vip_log_query","Test_Vip_Log_Query","","","test_CDN_242450",""
"broken","Fri Nov 27 15:15:12 CST 2020","Fri Nov 27 15:15:12 CST 2020","0","testcases.cdn.ctyun_console","test_ctyun_order","Test_Ctyun_Order","","","test_CDN_260763",""
"broken","Fri Nov 27 15:15:11 CST 2020","Fri Nov 27 15:15:11 CST 2020","0","testcases.cdn.ctyun_console","test_ctyun_log_top","Test_Ctyun_Top","","","test_CDN_251653",""
"passed","Fri Nov 27 15:14:25 CST 2020","Fri Nov 27 15:14:26 CST 2020","162","testcases.cdn.bs_console","test_bs_log_top","Test_Bs_Top","","","test_CDN_251606",""
"broken","Fri Nov 27 15:15:13 CST 2020","Fri Nov 27 15:15:13 CST 2020","0","testcases.cdn.ctyun_console","test_ctyun_refresh","Test_Ctyun_Refresh","","","test_CDN_246204",""
"passed","Fri Nov 27 15:14:26 CST 2020","Fri Nov 27 15:14:27 CST 2020","465","testcases.cdn.bs_console","test_bs_log_top","Test_Bs_Top","","","test_CDN_251610",""
"skipped","Fri Nov 27 15:15:10 CST 2020","Fri Nov 27 15:15:10 CST 2020","0","testcases.cdn.ctyun_console","test_ctyun_log_query","Test_Ctyun_Log_Query","","","test_CDN_271055",""
"passed","Fri Nov 27 15:19:02 CST 2020","Fri Nov 27 15:19:03 CST 2020","1137","testcases.cdn.vip_console","test_vip_log_query","Test_Vip_Log_Query","","","test_CDN_265359",""
"passed","Fri Nov 27 15:19:54 CST 2020","Fri Nov 27 15:19:55 CST 2020","657","testcases.cdn.vip_console","test_vip_log_user","Test_Vip_Log_dataList","","","test_CDN_242510",""
"passed","Fri Nov 27 15:16:58 CST 2020","Fri Nov 27 15:17:00 CST 2020","1201","testcases.cdn.vip_console","test_vip_cert","Test_cert","","","test_CDN_238495",""
"passed","Fri Nov 27 15:13:24 CST 2020","Fri Nov 27 15:13:24 CST 2020","451","testcases.cdn.bs_console","test_bs_log_query","Test_BS_Log_Query","","","test_CDN_243675",""
"passed","Fri Nov 27 15:19:32 CST 2020","Fri Nov 27 15:19:32 CST 2020","605","testcases.cdn.vip_console","test_vip_log_top","Test_Vip_Top","","","test_CDN_249264",""
"failed","Fri Nov 27 15:15:12 CST 2020","Fri Nov 27 15:15:12 CST 2020","48","testcases.cdn.ctyun_console","test_ctyun_overview","Test_Ctyun_Overview","","","test_CDN_246295",""
"failed","Fri Nov 27 15:15:06 CST 2020","Fri Nov 27 15:15:06 CST 2020","47","testcases.cdn.ctyun_console","test_ctyun_billing","Test_Ctyun_Billing","","","test_CDN_246291",""
"failed","Fri Nov 27 15:20:09 CST 2020","Fri Nov 27 15:20:10 CST 2020","320","testcases.cdn.vip_console","test_vip_refresh","Test_Vip_Refresh","","","test_CDN_240865",""
"broken","Fri Nov 27 15:15:13 CST 2020","Fri Nov 27 15:15:13 CST 2020","262","testcases.cdn.ctyun_console","test_ctyun_overview","Test_Ctyun_Overview","","","test_CDN_259934","
        1. 校对c_data ,c_domain下的域名数量 （domain代表用户可访问的域名数量，data代表用户进行统计分析操作的域名数量）
        2. 校对域名管理页面的域名数量等同于1里面统计的域名数量
        :return:
        "
"broken","Fri Nov 27 15:15:09 CST 2020","Fri Nov 27 15:15:09 CST 2020","0","testcases.cdn.ctyun_console","test_ctyun_log_query","Test_Ctyun_Log_Query","","","test_CDN_246255",""
"passed","Fri Nov 27 15:13:47 CST 2020","Fri Nov 27 15:13:47 CST 2020","499","testcases.cdn.bs_console","test_bs_log_query","Test_BS_Log_Query","","","test_CDN_243717",""
"failed","Fri Nov 27 15:15:08 CST 2020","Fri Nov 27 15:15:08 CST 2020","195","testcases.cdn.ctyun_console","test_ctyun_cert","Test_Ctyun_cert","","","test_CDN_246182",""
"broken","Fri Nov 27 15:18:01 CST 2020","Fri Nov 27 15:18:11 CST 2020","9829","testcases.cdn.vip_console","test_vip_domain","Test_Vip_Domain","","","test_failed_domain","
        工单状态： 2- 进行中 3- 成功  4- 失败
        :return:
        "
"skipped","Fri Nov 27 15:14:01 CST 2020","Fri Nov 27 15:14:01 CST 2020","0","testcases.cdn.bs_console","test_bs_log_query","Test_BS_Log_Query","","","test_CDN_270980",""
"broken","Fri Nov 27 15:15:14 CST 2020","Fri Nov 27 15:15:14 CST 2020","0","testcases.cdn.ctyun_console","test_ctyun_refresh","Test_Ctyun_Refresh","","","test_CDN_246221",""
"passed","Fri Nov 27 15:19:49 CST 2020","Fri Nov 27 15:19:50 CST 2020","725","testcases.cdn.vip_console","test_vip_log_user","Test_Vip_Log_dataList","","","test_CDN_242517",""
"passed","Fri Nov 27 15:14:27 CST 2020","Fri Nov 27 15:14:28 CST 2020","230","testcases.cdn.bs_console","test_bs_log_top","Test_Bs_Top","","","test_CDN_251612",""
"passed","Fri Nov 27 15:19:23 CST 2020","Fri Nov 27 15:19:24 CST 2020","563","testcases.cdn.vip_console","test_vip_log_top","Test_Vip_Top","","","test_CDN_248714",""
"passed","Fri Nov 27 15:20:06 CST 2020","Fri Nov 27 15:20:06 CST 2020","189","testcases.cdn.vip_console","test_vip_overview","Test_Vip_Overview","","","test_CDN_244508",""
"passed","Fri Nov 27 15:18:29 CST 2020","Fri Nov 27 15:18:29 CST 2020","856","testcases.cdn.vip_console","test_vip_log_query","Test_Vip_Log_Query","","","test_CDN_242428",""
"passed","Fri Nov 27 15:20:06 CST 2020","Fri Nov 27 15:20:06 CST 2020","139","testcases.cdn.vip_console","test_vip_overview","Test_Vip_Overview","","","test_CDN_244510",""
"passed","Fri Nov 27 15:14:19 CST 2020","Fri Nov 27 15:14:20 CST 2020","213","testcases.cdn.bs_console","test_bs_log_top","Test_Bs_Top","","","test_CDN_251590",""
"passed","Fri Nov 27 15:14:20 CST 2020","Fri Nov 27 15:14:21 CST 2020","461","testcases.cdn.bs_console","test_bs_log_top","Test_Bs_Top","","","test_CDN_251593",""
"passed","Fri Nov 27 15:18:50 CST 2020","Fri Nov 27 15:18:51 CST 2020","585","testcases.cdn.vip_console","test_vip_log_query","Test_Vip_Log_Query","","","test_CDN_242532",""
"passed","Fri Nov 27 15:13:35 CST 2020","Fri Nov 27 15:13:35 CST 2020","465","testcases.cdn.bs_console","test_bs_log_query","Test_BS_Log_Query","","","test_CDN_243694",""
"passed","Fri Nov 27 15:19:29 CST 2020","Fri Nov 27 15:19:29 CST 2020","270","testcases.cdn.vip_console","test_vip_log_top","Test_Vip_Top","","","test_CDN_249258",""
"broken","Fri Nov 27 15:15:12 CST 2020","Fri Nov 27 15:15:12 CST 2020","0","testcases.cdn.ctyun_console","test_ctyun_log_user","Test_Ctyun_Log_dataList","","","test_CDN_246227",""
"failed","Fri Nov 27 15:15:06 CST 2020","Fri Nov 27 15:15:06 CST 2020","48","testcases.cdn.ctyun_console","test_ctyun_billing","Test_Ctyun_Billing","","","test_CDN_246293",""
"passed","Fri Nov 27 15:14:14 CST 2020","Fri Nov 27 15:14:15 CST 2020","528","testcases.cdn.bs_console","test_bs_log_top","Test_Bs_Top","","","test_CDN_251576",""
"failed","Fri Nov 27 15:15:06 CST 2020","Fri Nov 27 15:15:06 CST 2020","50","testcases.cdn.ctyun_console","test_ctyun_billing","Test_Ctyun_Billing","","","test_CDN_246292",""
"failed","Fri Nov 27 15:15:12 CST 2020","Fri Nov 27 15:15:13 CST 2020","211","testcases.cdn.ctyun_console","test_ctyun_overview","Test_Ctyun_Overview","","","test_CDN_246300",""
"failed","Fri Nov 27 15:16:20 CST 2020","Fri Nov 27 15:16:33 CST 2020","12956","testcases.cdn.v1","test_v1_domain","TestDomain","","","test_CDN_262376",""
"broken","Fri Nov 27 15:15:10 CST 2020","Fri Nov 27 15:15:10 CST 2020","0","testcases.cdn.ctyun_console","test_ctyun_log_query","Test_Ctyun_Log_Query","","","test_CDN_246285",""
"skipped","Fri Nov 27 15:15:10 CST 2020","Fri Nov 27 15:15:10 CST 2020","0","testcases.cdn.ctyun_console","test_ctyun_log_query","Test_Ctyun_Log_Query","","","test_CDN_270977",""
"broken","Fri Nov 27 15:15:11 CST 2020","Fri Nov 27 15:15:11 CST 2020","0","testcases.cdn.ctyun_console","test_ctyun_log_top","Test_Ctyun_Top","","","test_CDN_251648",""
"passed","Fri Nov 27 15:19:33 CST 2020","Fri Nov 27 15:19:34 CST 2020","272","testcases.cdn.vip_console","test_vip_log_top","Test_Vip_Top","","","test_CDN_249267",""
"passed","Fri Nov 27 15:20:27 CST 2020","Fri Nov 27 15:20:28 CST 2020","165","testcases.cdn.vip_console","test_vip_refresh","Test_Vip_Refresh","","","test_CDN_240873",""
"passed","Fri Nov 27 15:14:18 CST 2020","Fri Nov 27 15:14:18 CST 2020","176","testcases.cdn.bs_console","test_bs_log_top","Test_Bs_Top","","","test_CDN_251585",""
"broken","Fri Nov 27 15:15:11 CST 2020","Fri Nov 27 15:15:11 CST 2020","0","testcases.cdn.ctyun_console","test_ctyun_log_top","Test_Ctyun_Top","","","test_CDN_251631",""
"passed","Fri Nov 27 15:14:46 CST 2020","Fri Nov 27 15:14:46 CST 2020","691","testcases.cdn.bs_console","test_bs_overview","Test_BS_Overview","","","test_CDN_243751",""
"passed","Fri Nov 27 15:13:53 CST 2020","Fri Nov 27 15:13:54 CST 2020","1322","testcases.cdn.bs_console","test_bs_log_query","Test_BS_Log_Query","","","test_CDN_243722",""
"passed","Fri Nov 27 15:19:47 CST 2020","Fri Nov 27 15:19:48 CST 2020","756","testcases.cdn.vip_console","test_vip_log_user","Test_Vip_Log_dataList","","","test_CDN_242520",""
"passed","Fri Nov 27 15:13:37 CST 2020","Fri Nov 27 15:13:38 CST 2020","434","testcases.cdn.bs_console","test_bs_log_query","Test_BS_Log_Query","","","test_CDN_243699",""
"broken","Fri Nov 27 15:15:12 CST 2020","Fri Nov 27 15:15:12 CST 2020","0","testcases.cdn.ctyun_console","test_ctyun_log_user","Test_Ctyun_Log_dataList","","","test_CDN_246226",""
"passed","Fri Nov 27 15:19:35 CST 2020","Fri Nov 27 15:19:35 CST 2020","547","testcases.cdn.vip_console","test_vip_log_top","Test_Vip_Top","","","test_CDN_249270",""
"passed","Fri Nov 27 15:18:43 CST 2020","Fri Nov 27 15:18:43 CST 2020","642","testcases.cdn.vip_console","test_vip_log_query","Test_Vip_Log_Query","","","test_CDN_242470",""
"skipped","Fri Nov 27 15:16:57 CST 2020","Fri Nov 27 15:16:57 CST 2020","0","testcases.cdn.v1","test_v1_statistics","TestStatistics","","","test_CDN_241494",""
"passed","Fri Nov 27 15:16:43 CST 2020","Fri Nov 27 15:16:43 CST 2020","601","testcases.cdn.v1","test_v1_domain","TestDomain","","","test_CDN_262424[002-尚未开通此产品，不能创建对应类型的域名]",""
"broken","Fri Nov 27 15:15:01 CST 2020","Fri Nov 27 15:15:01 CST 2020","0","testcases.cdn.bs_console","test_bs_refresh","Test_Bs_Refresh","","","test_CDN_243738",""
"passed","Fri Nov 27 15:14:40 CST 2020","Fri Nov 27 15:14:40 CST 2020","158","testcases.cdn.bs_console","test_bs_order","Test_Bs_Order","","","test_CDN_260752",""
"passed","Fri Nov 27 15:19:34 CST 2020","Fri Nov 27 15:19:34 CST 2020","286","testcases.cdn.vip_console","test_vip_log_top","Test_Vip_Top","","","test_CDN_249268",""
"passed","Fri Nov 27 15:13:13 CST 2020","Fri Nov 27 15:13:14 CST 2020","880","testcases.cdn.bs_console","test_bs_cert","Test_BS_cert","","","test_CDN_243770",""
"passed","Fri Nov 27 15:19:31 CST 2020","Fri Nov 27 15:19:31 CST 2020","593","testcases.cdn.vip_console","test_vip_log_top","Test_Vip_Top","","","test_CDN_249261",""
"passed","Fri Nov 27 15:14:21 CST 2020","Fri Nov 27 15:14:22 CST 2020","473","testcases.cdn.bs_console","test_bs_log_top","Test_Bs_Top","","","test_CDN_251596",""
"passed","Fri Nov 27 15:19:52 CST 2020","Fri Nov 27 15:19:53 CST 2020","723","testcases.cdn.vip_console","test_vip_log_user","Test_Vip_Log_dataList","","","test_CDN_242513",""
"passed","Fri Nov 27 15:14:21 CST 2020","Fri Nov 27 15:14:21 CST 2020","168","testcases.cdn.bs_console","test_bs_log_top","Test_Bs_Top","","","test_CDN_251595",""
"passed","Fri Nov 27 15:19:24 CST 2020","Fri Nov 27 15:19:25 CST 2020","282","testcases.cdn.vip_console","test_vip_log_top","Test_Vip_Top","","","test_CDN_248717",""
"failed","Fri Nov 27 15:20:22 CST 2020","Fri Nov 27 15:20:23 CST 2020","507","testcases.cdn.vip_console","test_vip_refresh","Test_Vip_Refresh","","","test_CDN_241649",""
"broken","Fri Nov 27 15:15:13 CST 2020","Fri Nov 27 15:15:13 CST 2020","0","testcases.cdn.ctyun_console","test_ctyun_refresh","Test_Ctyun_Refresh","","","test_CDN_246210",""
"passed","Fri Nov 27 15:19:28 CST 2020","Fri Nov 27 15:19:29 CST 2020","568","testcases.cdn.vip_console","test_vip_log_top","Test_Vip_Top","","","test_CDN_249256",""
"passed","Fri Nov 27 15:14:24 CST 2020","Fri Nov 27 15:14:24 CST 2020","456","testcases.cdn.bs_console","test_bs_log_top","Test_Bs_Top","","","test_CDN_251602",""
"broken","Fri Nov 27 15:15:09 CST 2020","Fri Nov 27 15:15:09 CST 2020","0","testcases.cdn.ctyun_console","test_ctyun_log_query","Test_Ctyun_Log_Query","","","test_CDN_246268",""
"skipped","Fri Nov 27 15:16:56 CST 2020","Fri Nov 27 15:16:56 CST 2020","0","testcases.cdn.v1","test_v1_statistics","TestStatistics","","","test_CDN_241489",""
"failed","Fri Nov 27 15:14:52 CST 2020","Fri Nov 27 15:14:53 CST 2020","782","testcases.cdn.bs_console","test_bs_refresh","Test_Bs_Refresh","","","test_CDN_243735",""
"broken","Fri Nov 27 15:15:11 CST 2020","Fri Nov 27 15:15:11 CST 2020","0","testcases.cdn.ctyun_console","test_ctyun_log_user","Test_Ctyun_Log_dataList","","","test_CDN_246235",""
"passed","Fri Nov 27 15:19:59 CST 2020","Fri Nov 27 15:20:00 CST 2020","1098","testcases.cdn.vip_console","test_vip_order","Test_Vip_Order","","","test_CDN_260911",""
"broken","Fri Nov 27 15:15:11 CST 2020","Fri Nov 27 15:15:11 CST 2020","0","testcases.cdn.ctyun_console","test_ctyun_log_top","Test_Ctyun_Top","","","test_CDN_251657",""
"passed","Fri Nov 27 15:19:37 CST 2020","Fri Nov 27 15:19:37 CST 2020","281","testcases.cdn.vip_console","test_vip_log_top","Test_Vip_Top","","","test_CDN_249280",""
"passed","Fri Nov 27 15:18:37 CST 2020","Fri Nov 27 15:18:38 CST 2020","708","testcases.cdn.vip_console","test_vip_log_query","Test_Vip_Log_Query","","","test_CDN_242452",""
"broken","Fri Nov 27 15:15:09 CST 2020","Fri Nov 27 15:15:09 CST 2020","0","testcases.cdn.ctyun_console","test_ctyun_log_query","Test_Ctyun_Log_Query","","","test_CDN_246249",""
"passed","Fri Nov 27 15:14:15 CST 2020","Fri Nov 27 15:14:15 CST 2020","461","testcases.cdn.bs_console","test_bs_log_top","Test_Bs_Top","","","test_CDN_251577",""
"broken","Fri Nov 27 15:15:06 CST 2020","Fri Nov 27 15:15:06 CST 2020","48","testcases.cdn.ctyun_console","test_ctyun_billing","Test_Ctyun_Billing","","","test_CDN_246452",""
"failed","Fri Nov 27 15:15:06 CST 2020","Fri Nov 27 15:15:06 CST 2020","47","testcases.cdn.ctyun_console","test_ctyun_billing","Test_Ctyun_Billing","","","test_CDN_246290",""
"passed","Fri Nov 27 15:13:42 CST 2020","Fri Nov 27 15:13:42 CST 2020","449","testcases.cdn.bs_console","test_bs_log_query","Test_BS_Log_Query","","","test_CDN_243707",""
"passed","Fri Nov 27 15:18:48 CST 2020","Fri Nov 27 15:18:48 CST 2020","687","testcases.cdn.vip_console","test_vip_log_query","Test_Vip_Log_Query","","","test_CDN_242528",""
"broken","Fri Nov 27 15:15:09 CST 2020","Fri Nov 27 15:15:09 CST 2020","0","testcases.cdn.ctyun_console","test_ctyun_log_query","Test_Ctyun_Log_Query","","","test_CDN_246261",""
"passed","Fri Nov 27 15:14:22 CST 2020","Fri Nov 27 15:14:23 CST 2020","478","testcases.cdn.bs_console","test_bs_log_top","Test_Bs_Top","","","test_CDN_251598",""
"skipped","Fri Nov 27 15:15:15 CST 2020","Fri Nov 27 15:15:15 CST 2020","0","testcases.cdn.v1","test_v1_case","TestCase","","","test_CDN_241166",""
"passed","Fri Nov 27 15:19:41 CST 2020","Fri Nov 27 15:19:41 CST 2020","292","testcases.cdn.vip_console","test_vip_log_top","Test_Vip_Top","","","test_CDN_249289",""
"passed","Fri Nov 27 15:13:12 CST 2020","Fri Nov 27 15:13:12 CST 2020","62","testcases.cdn.bs_console","test_bs_billing","Test_BS_Billing","","","test_CDN_243728",""
"passed","Fri Nov 27 15:19:49 CST 2020","Fri Nov 27 15:19:49 CST 2020","665","testcases.cdn.vip_console","test_vip_log_user","Test_Vip_Log_dataList","","","test_CDN_242518",""
"passed","Fri Nov 27 15:19:31 CST 2020","Fri Nov 27 15:19:32 CST 2020","279","testcases.cdn.vip_console","test_vip_log_top","Test_Vip_Top","","","test_CDN_249263",""
"broken","Fri Nov 27 15:15:12 CST 2020","Fri Nov 27 15:15:12 CST 2020","0","testcases.cdn.ctyun_console","test_ctyun_log_user","Test_Ctyun_Log_dataList","","","test_CDN_246228",""
"skipped","Fri Nov 27 15:15:10 CST 2020","Fri Nov 27 15:15:10 CST 2020","0","testcases.cdn.ctyun_console","test_ctyun_log_query","Test_Ctyun_Log_Query","","","test_CDN_270976",""
"broken","Fri Nov 27 15:15:09 CST 2020","Fri Nov 27 15:15:09 CST 2020","0","testcases.cdn.ctyun_console","test_ctyun_log_query","Test_Ctyun_Log_Query","","","test_CDN_246267",""
"broken","Fri Nov 27 15:15:09 CST 2020","Fri Nov 27 15:15:09 CST 2020","0","testcases.cdn.ctyun_console","test_ctyun_log_query","Test_Ctyun_Log_Query","","","test_CDN_246260",""
"passed","Fri Nov 27 15:17:03 CST 2020","Fri Nov 27 15:17:04 CST 2020","882","testcases.cdn.vip_console","test_vip_cert","Test_cert","","","test_CDN_240893",""
"passed","Fri Nov 27 15:18:21 CST 2020","Fri Nov 27 15:18:22 CST 2020","522","testcases.cdn.vip_console","test_vip_log_query","Test_Vip_Log_Query","","","test_CDN_242408",""
"broken","Fri Nov 27 15:15:10 CST 2020","Fri Nov 27 15:15:10 CST 2020","0","testcases.cdn.ctyun_console","test_ctyun_log_query","Test_Ctyun_Log_Query","","","test_CDN_246277",""
"passed","Fri Nov 27 15:18:47 CST 2020","Fri Nov 27 15:18:48 CST 2020","533","testcases.cdn.vip_console","test_vip_log_query","Test_Vip_Log_Query","","","test_CDN_242527",""
"skipped","Fri Nov 27 15:16:56 CST 2020","Fri Nov 27 15:16:56 CST 2020","0","testcases.cdn.v1","test_v1_statistics","TestStatistics","","","test_CDN_241493",""
"broken","Fri Nov 27 15:15:09 CST 2020","Fri Nov 27 15:15:09 CST 2020","0","testcases.cdn.ctyun_console","test_ctyun_log_query","Test_Ctyun_Log_Query","","","test_CDN_246269",""
"failed","Fri Nov 27 15:15:12 CST 2020","Fri Nov 27 15:15:12 CST 2020","96","testcases.cdn.ctyun_console","test_ctyun_overview","Test_Ctyun_Overview","","","test_CDN_246304",""
"passed","Fri Nov 27 15:19:40 CST 2020","Fri Nov 27 15:19:40 CST 2020","287","testcases.cdn.vip_console","test_vip_log_top","Test_Vip_Top","","","test_CDN_249287",""
"passed","Fri Nov 27 15:13:26 CST 2020","Fri Nov 27 15:13:27 CST 2020","544","testcases.cdn.bs_console","test_bs_log_query","Test_BS_Log_Query","","","test_CDN_243680",""
"broken","Fri Nov 27 15:15:13 CST 2020","Fri Nov 27 15:15:13 CST 2020","0","testcases.cdn.ctyun_console","test_ctyun_refresh","Test_Ctyun_Refresh","","","test_CDN_246209",""
"broken","Fri Nov 27 15:15:11 CST 2020","Fri Nov 27 15:15:11 CST 2020","0","testcases.cdn.ctyun_console","test_ctyun_log_top","Test_Ctyun_Top","","","test_CDN_251654",""
"passed","Fri Nov 27 15:14:16 CST 2020","Fri Nov 27 15:14:16 CST 2020","171","testcases.cdn.bs_console","test_bs_log_top","Test_Bs_Top","","","test_CDN_251580",""
"broken","Fri Nov 27 15:15:13 CST 2020","Fri Nov 27 15:15:13 CST 2020","0","testcases.cdn.ctyun_console","test_ctyun_refresh","Test_Ctyun_Refresh","","","test_CDN_246205",""
"broken","Fri Nov 27 15:15:11 CST 2020","Fri Nov 27 15:15:11 CST 2020","0","testcases.cdn.ctyun_console","test_ctyun_log_top","Test_Ctyun_Top","","","test_CDN_251634",""
"skipped","Fri Nov 27 15:19:06 CST 2020","Fri Nov 27 15:19:06 CST 2020","0","testcases.cdn.vip_console","test_vip_log_query","Test_Vip_Log_Query","","","test_CDN_270742",""
"failed","Fri Nov 27 15:15:13 CST 2020","Fri Nov 27 15:15:13 CST 2020","50","testcases.cdn.ctyun_console","test_ctyun_overview","Test_Ctyun_Overview","","","test_CDN_246301",""
"passed","Fri Nov 27 15:14:25 CST 2020","Fri Nov 27 15:14:25 CST 2020","401","testcases.cdn.bs_console","test_bs_log_top","Test_Bs_Top","","","test_CDN_251605",""
"failed","Fri Nov 27 15:20:23 CST 2020","Fri Nov 27 15:20:23 CST 2020","117","testcases.cdn.vip_console","test_vip_refresh","Test_Vip_Refresh","","","test_CDN_241650",""
"failed","Fri Nov 27 15:20:29 CST 2020","Fri Nov 27 15:20:29 CST 2020","519","testcases.cdn.vip_console","test_vip_tools","Test_Vip_Tools","","","test_CDN_240674",""
"passed","Fri Nov 27 15:19:04 CST 2020","Fri Nov 27 15:19:06 CST 2020","1602","testcases.cdn.vip_console","test_vip_log_query","Test_Vip_Log_Query","","","test_CDN_265361",""
"passed","Fri Nov 27 15:14:34 CST 2020","Fri Nov 27 15:14:34 CST 2020","561","testcases.cdn.bs_console","test_bs_log_user","Test_BS_Log_dataList","","","test_CDN_243663",""
"failed","Fri Nov 27 15:15:02 CST 2020","Fri Nov 27 15:15:02 CST 2020","257","testcases.cdn.bs_console","test_bs_refresh","Test_Bs_Refresh","","","test_CDN_243742",""
"passed","Fri Nov 27 15:14:49 CST 2020","Fri Nov 27 15:14:49 CST 2020","410","testcases.cdn.bs_console","test_bs_overview","Test_BS_Overview","","","test_CDN_243756",""
"passed","Fri Nov 27 15:16:46 CST 2020","Fri Nov 27 15:16:49 CST 2020","2896","testcases.cdn.v1","test_v1_domain","TestDomain","","","test_CDN_262424[004-服务调用成功]",""
"failed","Fri Nov 27 15:15:01 CST 2020","Fri Nov 27 15:15:02 CST 2020","342","testcases.cdn.bs_console","test_bs_refresh","Test_Bs_Refresh","","","test_CDN_243741",""
"passed","Fri Nov 27 15:13:41 CST 2020","Fri Nov 27 15:13:41 CST 2020","514","testcases.cdn.bs_console","test_bs_log_query","Test_BS_Log_Query","","","test_CDN_243705",""
"passed","Fri Nov 27 15:15:14 CST 2020","Fri Nov 27 15:15:15 CST 2020","553","testcases.cdn.v1","test_v1_case","TestCase","","","test_CDN_241165",""
"broken","Fri Nov 27 15:15:09 CST 2020","Fri Nov 27 15:15:09 CST 2020","0","testcases.cdn.ctyun_console","test_ctyun_log_query","Test_Ctyun_Log_Query","","","test_CDN_246259",""
"passed","Fri Nov 27 15:14:48 CST 2020","Fri Nov 27 15:14:48 CST 2020","291","testcases.cdn.bs_console","test_bs_overview","Test_BS_Overview","","","test_CDN_244502",""
"passed","Fri Nov 27 15:13:39 CST 2020","Fri Nov 27 15:13:39 CST 2020","442","testcases.cdn.bs_console","test_bs_log_query","Test_BS_Log_Query","","","test_CDN_243702",""
"broken","Fri Nov 27 15:15:11 CST 2020","Fri Nov 27 15:15:11 CST 2020","0","testcases.cdn.ctyun_console","test_ctyun_log_top","Test_Ctyun_Top","","","test_CDN_251633",""
"broken","Fri Nov 27 15:15:11 CST 2020","Fri Nov 27 15:15:11 CST 2020","0","testcases.cdn.ctyun_console","test_ctyun_log_top","Test_Ctyun_Top","","","test_CDN_251636",""
"passed","Fri Nov 27 15:14:20 CST 2020","Fri Nov 27 15:14:20 CST 2020","459","testcases.cdn.bs_console","test_bs_log_top","Test_Bs_Top","","","test_CDN_251592",""
"broken","Fri Nov 27 15:20:03 CST 2020","Fri Nov 27 15:20:03 CST 2020","206","testcases.cdn.vip_console","test_vip_overview","Test_Vip_Overview","","","test_CDN_240848",""
"passed","Fri Nov 27 15:14:19 CST 2020","Fri Nov 27 15:14:19 CST 2020","161","testcases.cdn.bs_console","test_bs_log_top","Test_Bs_Top","","","test_CDN_251589",""
"broken","Fri Nov 27 15:15:10 CST 2020","Fri Nov 27 15:15:10 CST 2020","0","testcases.cdn.ctyun_console","test_ctyun_log_top","Test_Ctyun_Top","","","test_CDN_251628",""
"passed","Fri Nov 27 15:13:39 CST 2020","Fri Nov 27 15:13:40 CST 2020","527","testcases.cdn.bs_console","test_bs_log_query","Test_BS_Log_Query","","","test_CDN_243703",""
"passed","Fri Nov 27 15:13:44 CST 2020","Fri Nov 27 15:13:44 CST 2020","585","testcases.cdn.bs_console","test_bs_log_query","Test_BS_Log_Query","","","test_CDN_243711",""
"passed","Fri Nov 27 15:13:30 CST 2020","Fri Nov 27 15:13:30 CST 2020","695","testcases.cdn.bs_console","test_bs_log_query","Test_BS_Log_Query","","","test_CDN_243685",""
"broken","Fri Nov 27 15:15:10 CST 2020","Fri Nov 27 15:15:10 CST 2020","0","testcases.cdn.ctyun_console","test_ctyun_log_top","Test_Ctyun_Top","","","test_CDN_251629",""
"passed","Fri Nov 27 15:13:18 CST 2020","Fri Nov 27 15:13:19 CST 2020","386","testcases.cdn.bs_console","test_bs_cert","Test_BS_cert","","","test_CDN_260850","
        核对证书管理页面证书数量与概览页证书数量一致，关联到2个CertList接口，url一样，请求方式及请求数据不同
        :return:
        "
"broken","Fri Nov 27 15:15:11 CST 2020","Fri Nov 27 15:15:11 CST 2020","0","testcases.cdn.ctyun_console","test_ctyun_log_top","Test_Ctyun_Top","","","test_CDN_251640",""
"passed","Fri Nov 27 15:13:45 CST 2020","Fri Nov 27 15:13:46 CST 2020","486","testcases.cdn.bs_console","test_bs_log_query","Test_BS_Log_Query","","","test_CDN_243714",""
"broken","Fri Nov 27 15:15:11 CST 2020","Fri Nov 27 15:15:11 CST 2020","0","testcases.cdn.ctyun_console","test_ctyun_log_top","Test_Ctyun_Top","","","test_CDN_251637",""
"skipped","Fri Nov 27 15:15:08 CST 2020","Fri Nov 27 15:15:08 CST 2020","0","testcases.cdn.ctyun_console","test_ctyun_domain","TestDomain","","","test_CDN_240819",""
"passed","Fri Nov 27 15:19:39 CST 2020","Fri Nov 27 15:19:40 CST 2020","588","testcases.cdn.vip_console","test_vip_log_top","Test_Vip_Top","","","test_CDN_249284",""
"passed","Fri Nov 27 15:17:00 CST 2020","Fri Nov 27 15:17:03 CST 2020","3377","testcases.cdn.vip_console","test_vip_cert","Test_cert","","","test_CDN_240676",""
"passed","Fri Nov 27 15:18:52 CST 2020","Fri Nov 27 15:18:53 CST 2020","1554","testcases.cdn.vip_console","test_vip_log_query","Test_Vip_Log_Query","","","test_CDN_242705",""
"broken","Fri Nov 27 15:15:11 CST 2020","Fri Nov 27 15:15:11 CST 2020","0","testcases.cdn.ctyun_console","test_ctyun_log_top","Test_Ctyun_Top","","","test_CDN_251650",""
"broken","Fri Nov 27 15:15:14 CST 2020","Fri Nov 27 15:15:14 CST 2020","0","testcases.cdn.ctyun_console","test_ctyun_refresh","Test_Ctyun_Refresh","","","test_CDN_246218",""
"passed","Fri Nov 27 15:20:04 CST 2020","Fri Nov 27 15:20:05 CST 2020","259","testcases.cdn.vip_console","test_vip_overview","Test_Vip_Overview","","","test_CDN_240852",""
"passed","Fri Nov 27 15:18:45 CST 2020","Fri Nov 27 15:18:45 CST 2020","641","testcases.cdn.vip_console","test_vip_log_query","Test_Vip_Log_Query","","","test_CDN_242523",""
"passed","Fri Nov 27 15:14:41 CST 2020","Fri Nov 27 15:14:41 CST 2020","170","testcases.cdn.bs_console","test_bs_order","Test_Bs_Order","","","test_CDN_260751",""
"passed","Fri Nov 27 15:14:23 CST 2020","Fri Nov 27 15:14:23 CST 2020","208","testcases.cdn.bs_console","test_bs_log_top","Test_Bs_Top","","","test_CDN_251599",""
"passed","Fri Nov 27 15:14:47 CST 2020","Fri Nov 27 15:14:48 CST 2020","1045","testcases.cdn.bs_console","test_bs_overview","Test_BS_Overview","","","test_CDN_243753",""
"passed","Fri Nov 27 15:18:31 CST 2020","Fri Nov 27 15:18:32 CST 2020","570","testcases.cdn.vip_console","test_vip_log_query","Test_Vip_Log_Query","","","test_CDN_242434",""
"passed","Fri Nov 27 15:20:06 CST 2020","Fri Nov 27 15:20:06 CST 2020","168","testcases.cdn.vip_console","test_vip_overview","Test_Vip_Overview","","","test_CDN_244511",""
"passed","Fri Nov 27 15:13:47 CST 2020","Fri Nov 27 15:13:48 CST 2020","592","testcases.cdn.bs_console","test_bs_log_query","Test_BS_Log_Query","","","test_CDN_243718",""
"passed","Fri Nov 27 15:14:32 CST 2020","Fri Nov 27 15:14:32 CST 2020","663","testcases.cdn.bs_console","test_bs_log_user","Test_BS_Log_dataList","","","test_CDN_243660",""
"broken","Fri Nov 27 15:15:11 CST 2020","Fri Nov 27 15:15:11 CST 2020","0","testcases.cdn.ctyun_console","test_ctyun_log_top","Test_Ctyun_Top","","","test_CDN_251651",""
"passed","Fri Nov 27 15:19:37 CST 2020","Fri Nov 27 15:19:38 CST 2020","274","testcases.cdn.vip_console","test_vip_log_top","Test_Vip_Top","","","test_CDN_249281",""
"passed","Fri Nov 27 15:18:53 CST 2020","Fri Nov 27 15:18:55 CST 2020","1828","testcases.cdn.vip_console","test_vip_log_query","Test_Vip_Log_Query","","","test_CDN_242706",""
"passed","Fri Nov 27 15:19:46 CST 2020","Fri Nov 27 15:19:47 CST 2020","834","testcases.cdn.vip_console","test_vip_log_user","Test_Vip_Log_dataList","","","test_CDN_242521",""
"passed","Fri Nov 27 15:19:22 CST 2020","Fri Nov 27 15:19:23 CST 2020","634","testcases.cdn.vip_console","test_vip_log_top","Test_Vip_Top","","","test_CDN_248713",""
"broken","Fri Nov 27 15:15:10 CST 2020","Fri Nov 27 15:15:10 CST 2020","0","testcases.cdn.ctyun_console","test_ctyun_log_query","Test_Ctyun_Log_Query","","","test_CDN_246284",""
"passed","Fri Nov 27 15:14:27 CST 2020","Fri Nov 27 15:14:27 CST 2020","422","testcases.cdn.bs_console","test_bs_log_top","Test_Bs_Top","","","test_CDN_251611",""
"passed","Fri Nov 27 15:13:59 CST 2020","Fri Nov 27 15:14:00 CST 2020","976","testcases.cdn.bs_console","test_bs_log_query","Test_BS_Log_Query","","","test_CDN_265368",""
"skipped","Fri Nov 27 15:14:01 CST 2020","Fri Nov 27 15:14:01 CST 2020","0","testcases.cdn.bs_console","test_bs_log_query","Test_BS_Log_Query","","","test_CDN_270979",""
"passed","Fri Nov 27 15:19:26 CST 2020","Fri Nov 27 15:19:26 CST 2020","592","testcases.cdn.vip_console","test_vip_log_top","Test_Vip_Top","","","test_CDN_249251",""
"broken","Fri Nov 27 15:15:09 CST 2020","Fri Nov 27 15:15:09 CST 2020","0","testcases.cdn.ctyun_console","test_ctyun_log_query","Test_Ctyun_Log_Query","","","test_CDN_246243",""
"passed","Fri Nov 27 15:16:56 CST 2020","Fri Nov 27 15:16:56 CST 2020","534","testcases.cdn.v1","test_v1_domain","TestDomain","","","test_CDN_241169",""
"skipped","Fri Nov 27 15:19:06 CST 2020","Fri Nov 27 15:19:06 CST 2020","0","testcases.cdn.vip_console","test_vip_log_query","Test_Vip_Log_Query","","","test_CDN_270741",""
"broken","Fri Nov 27 15:15:11 CST 2020","Fri Nov 27 15:15:11 CST 2020","0","testcases.cdn.ctyun_console","test_ctyun_log_top","Test_Ctyun_Top","","","test_CDN_251659",""
"passed","Fri Nov 27 15:18:21 CST 2020","Fri Nov 27 15:18:21 CST 2020","636","testcases.cdn.vip_console","test_vip_log_query","Test_Vip_Log_Query","","","test_CDN_242406",""
"failed","Fri Nov 27 15:15:12 CST 2020","Fri Nov 27 15:15:12 CST 2020","48","testcases.cdn.ctyun_console","test_ctyun_overview","Test_Ctyun_Overview","","","test_CDN_246296",""
"broken","Fri Nov 27 15:15:12 CST 2020","Fri Nov 27 15:15:12 CST 2020","0","testcases.cdn.ctyun_console","test_ctyun_log_user","Test_Ctyun_Log_dataList","","","test_CDN_246230",""
"passed","Fri Nov 27 15:14:46 CST 2020","Fri Nov 27 15:14:47 CST 2020","128","testcases.cdn.bs_console","test_bs_overview","Test_BS_Overview","","","test_CDN_243752",""
"passed","Fri Nov 27 15:18:44 CST 2020","Fri Nov 27 15:18:45 CST 2020","607","testcases.cdn.vip_console","test_vip_log_query","Test_Vip_Log_Query","","","test_CDN_242522",""
"passed","Fri Nov 27 15:14:49 CST 2020","Fri Nov 27 15:14:50 CST 2020","960","testcases.cdn.bs_console","test_bs_overview","Test_BS_Overview","","","test_CDN_259933","
        1. 校对c_data ,c_domain下的域名数量 （domain代表用户可访问的域名数量，data代表用户进行统计分析操作的域名数量）
        2. 校对域名管理页面的域名数量等同于1里面统计的域名数量
        :return:
        "
"failed","Fri Nov 27 15:15:06 CST 2020","Fri Nov 27 15:15:06 CST 2020","49","testcases.cdn.ctyun_console","test_ctyun_billing","Test_Ctyun_Billing","","","test_CDN_246294",""
"passed","Fri Nov 27 15:19:29 CST 2020","Fri Nov 27 15:19:29 CST 2020","278","testcases.cdn.vip_console","test_vip_log_top","Test_Vip_Top","","","test_CDN_249257",""
"passed","Fri Nov 27 15:18:50 CST 2020","Fri Nov 27 15:18:50 CST 2020","661","testcases.cdn.vip_console","test_vip_log_query","Test_Vip_Log_Query","","","test_CDN_242531",""
"failed","Fri Nov 27 15:20:23 CST 2020","Fri Nov 27 15:20:23 CST 2020","440","testcases.cdn.vip_console","test_vip_refresh","Test_Vip_Refresh","","","test_CDN_240870",""
"passed","Fri Nov 27 15:13:26 CST 2020","Fri Nov 27 15:13:26 CST 2020","597","testcases.cdn.bs_console","test_bs_log_query","Test_BS_Log_Query","","","test_CDN_243679",""
"passed","Fri Nov 27 15:18:25 CST 2020","Fri Nov 27 15:18:25 CST 2020","678","testcases.cdn.vip_console","test_vip_log_query","Test_Vip_Log_Query","","","test_CDN_242418",""
"passed","Fri Nov 27 15:14:26 CST 2020","Fri Nov 27 15:14:26 CST 2020","465","testcases.cdn.bs_console","test_bs_log_top","Test_Bs_Top","","","test_CDN_251609",""
"failed","Fri Nov 27 15:15:12 CST 2020","Fri Nov 27 15:15:12 CST 2020","48","testcases.cdn.ctyun_console","test_ctyun_overview","Test_Ctyun_Overview","","","test_CDN_246297",""
"passed","Fri Nov 27 15:14:17 CST 2020","Fri Nov 27 15:14:17 CST 2020","462","testcases.cdn.bs_console","test_bs_log_top","Test_Bs_Top","","","test_CDN_251583",""
"broken","Fri Nov 27 15:15:09 CST 2020","Fri Nov 27 15:15:09 CST 2020","0","testcases.cdn.ctyun_console","test_ctyun_log_query","Test_Ctyun_Log_Query","","","test_CDN_246248",""
"passed","Fri Nov 27 15:13:46 CST 2020","Fri Nov 27 15:13:47 CST 2020","528","testcases.cdn.bs_console","test_bs_log_query","Test_BS_Log_Query","","","test_CDN_243716",""
"broken","Fri Nov 27 15:15:09 CST 2020","Fri Nov 27 15:15:09 CST 2020","0","testcases.cdn.ctyun_console","test_ctyun_log_query","Test_Ctyun_Log_Query","","","test_CDN_246270",""
"broken","Fri Nov 27 15:15:12 CST 2020","Fri Nov 27 15:15:12 CST 2020","0","testcases.cdn.ctyun_console","test_ctyun_order","Test_Ctyun_Order","","","test_CDN_260759",""
"skipped","Fri Nov 27 15:14:01 CST 2020","Fri Nov 27 15:14:01 CST 2020","0","testcases.cdn.bs_console","test_bs_log_query","Test_BS_Log_Query","","","test_CDN_270981",""
"passed","Fri Nov 27 15:20:28 CST 2020","Fri Nov 27 15:20:29 CST 2020","817","testcases.cdn.vip_console","test_vip_tools","Test_Vip_Tools","","","test_CDN_240675",""
"broken","Fri Nov 27 15:15:10 CST 2020","Fri Nov 27 15:15:10 CST 2020","0","testcases.cdn.ctyun_console","test_ctyun_log_top","Test_Ctyun_Top","","","test_CDN_251620",""
"passed","Fri Nov 27 15:16:38 CST 2020","Fri Nov 27 15:16:40 CST 2020","1678","testcases.cdn.v1","test_v1_domain","TestDomain","","","test_CDN_264344",""
"passed","Fri Nov 27 15:13:14 CST 2020","Fri Nov 27 15:13:17 CST 2020","3194","testcases.cdn.bs_console","test_bs_cert","Test_BS_cert","","","test_CDN_243771",""
"failed","Fri Nov 27 15:14:51 CST 2020","Fri Nov 27 15:14:52 CST 2020","287","testcases.cdn.bs_console","test_bs_refresh","Test_Bs_Refresh","","","test_CDN_243732",""
"passed","Fri Nov 27 15:20:24 CST 2020","Fri Nov 27 15:20:27 CST 2020","3639","testcases.cdn.vip_console","test_vip_refresh","Test_Vip_Refresh","","","test_CDN_240872",""
"passed","Fri Nov 27 15:14:38 CST 2020","Fri Nov 27 15:14:39 CST 2020","553","testcases.cdn.bs_console","test_bs_log_user","Test_BS_Log_dataList","","","test_CDN_243671",""
"broken","Fri Nov 27 15:15:09 CST 2020","Fri Nov 27 15:15:09 CST 2020","0","testcases.cdn.ctyun_console","test_ctyun_log_query","Test_Ctyun_Log_Query","","","test_CDN_246250",""
"passed","Fri Nov 27 15:16:53 CST 2020","Fri Nov 27 15:16:55 CST 2020","1750","testcases.cdn.v1","test_v1_domain","TestDomain","","","test_CDN_241508",""
"passed","Fri Nov 27 15:15:22 CST 2020","Fri Nov 27 15:15:23 CST 2020","499","testcases.cdn.v1","test_v1_cert","TestCert","","","test_CDN_241175",""
"passed","Fri Nov 27 15:14:40 CST 2020","Fri Nov 27 15:14:40 CST 2020","191","testcases.cdn.bs_console","test_bs_order","Test_Bs_Order","","","test_CDN_260748",""
"passed","Fri Nov 27 15:14:41 CST 2020","Fri Nov 27 15:14:41 CST 2020","126","testcases.cdn.bs_console","test_bs_order","Test_Bs_Order","","","test_CDN_260755",""
"passed","Fri Nov 27 15:14:40 CST 2020","Fri Nov 27 15:14:41 CST 2020","210","testcases.cdn.bs_console","test_bs_order","Test_Bs_Order","","","test_CDN_260754",""
"passed","Fri Nov 27 15:18:23 CST 2020","Fri Nov 27 15:18:24 CST 2020","725","testcases.cdn.vip_console","test_vip_log_query","Test_Vip_Log_Query","","","test_CDN_242414",""
"passed","Fri Nov 27 15:13:46 CST 2020","Fri Nov 27 15:13:46 CST 2020","584","testcases.cdn.bs_console","test_bs_log_query","Test_BS_Log_Query","","","test_CDN_243715",""
"broken","Fri Nov 27 15:15:10 CST 2020","Fri Nov 27 15:15:10 CST 2020","0","testcases.cdn.ctyun_console","test_ctyun_log_query","Test_Ctyun_Log_Query","","","test_CDN_265361",""
"skipped","Fri Nov 27 15:16:53 CST 2020","Fri Nov 27 15:16:53 CST 2020","0","testcases.cdn.v1","test_v1_domain","TestDomain","","","test_CDN_240684",""
"passed","Fri Nov 27 15:19:28 CST 2020","Fri Nov 27 15:19:28 CST 2020","600","testcases.cdn.vip_console","test_vip_log_top","Test_Vip_Top","","","test_CDN_249255",""
"passed","Fri Nov 27 15:19:38 CST 2020","Fri Nov 27 15:19:39 CST 2020","571","testcases.cdn.vip_console","test_vip_log_top","Test_Vip_Top","","","test_CDN_249283",""
"passed","Fri Nov 27 15:20:04 CST 2020","Fri Nov 27 15:20:04 CST 2020","463","testcases.cdn.vip_console","test_vip_overview","Test_Vip_Overview","","","test_CDN_240849",""
"passed","Fri Nov 27 15:18:38 CST 2020","Fri Nov 27 15:18:38 CST 2020","582","testcases.cdn.vip_console","test_vip_log_query","Test_Vip_Log_Query","","","test_CDN_242454",""
